database_id	gene	chrom	pos	ref	alt	sample_count	samples
HPV16_PV051151	E6	HPV16REF|lcl|Human	350	T	G	0	
HPV16_PV051151	E7	HPV16REF|lcl|Human	790	C	T	0	
HPV16_PV051152	E7	HPV16REF|lcl|Human	666	G	A	2	HPV_11092024:KHCA-064,HPV_11092024:KHCA-298
HPV16_PV051154	E6	HPV16REF|lcl|Human	178	T	G	1	HPV_11092024:KHCA-152
HPV16_PV051154	E7	HPV16REF|lcl|Human	647	A	G	2	HPV_11092024:KHCA-152,HPV_11092024:KHCA-306
HPV16_PV051154	E7	HPV16REF|lcl|Human	846	T	C	1	HPV_11092024:KHCA-152
HPV16_PV051155	E6	HPV16REF|lcl|Human	178	T	G	1	HPV_11092024:KHCA-152
HPV16_PV051155	E7	HPV16REF|lcl|Human	647	A	G	2	HPV_11092024:KHCA-152,HPV_11092024:KHCA-306
HPV16_PV051155	E7	HPV16REF|lcl|Human	846	T	C	1	HPV_11092024:KHCA-152
HPV16_PV051156	E6	HPV16REF|lcl|Human	276	A	G	0	
HPV16_PV051156	E7	HPV16REF|lcl|Human	666	G	A	2	HPV_11092024:KHCA-064,HPV_11092024:KHCA-298
HPV16_PV051158	E6	HPV16REF|lcl|Human	109	T	C	1	HPV_11092024:KHCA-306
HPV16_PV051158	E6	HPV16REF|lcl|Human	132	G	T	1	HPV_11092024:KHCA-306
HPV16_PV051158	E6	HPV16REF|lcl|Human	143	C	G	1	HPV_11092024:KHCA-306
HPV16_PV051158	E6	HPV16REF|lcl|Human	145	G	T	1	HPV_11092024:KHCA-306
HPV16_PV051158	E6	HPV16REF|lcl|Human	286	T	A	1	HPV_11092024:KHCA-306
HPV16_PV051158	E6	HPV16REF|lcl|Human	289	A	G	1	HPV_11092024:KHCA-306
HPV16_PV051158	E6	HPV16REF|lcl|Human	335	C	T	1	HPV_11092024:KHCA-306
HPV16_PV051158	E6	HPV16REF|lcl|Human	403	A	G	1	HPV_11092024:KHCA-306
HPV16_PV051158	E7	HPV16REF|lcl|Human	647	A	G	2	HPV_11092024:KHCA-152,HPV_11092024:KHCA-306
HPV16_PV051158	E7	HPV16REF|lcl|Human	789	T	C	1	HPV_11092024:KHCA-306
HPV16_PV051158	E7	HPV16REF|lcl|Human	795	T	G	1	HPV_11092024:KHCA-306
HPV16_PV051159	E6	HPV16REF|lcl|Human	178	T	G	1	HPV_11092024:KHCA-152
HPV16_PV051159	E7	HPV16REF|lcl|Human	647	A	G	2	HPV_11092024:KHCA-152,HPV_11092024:KHCA-306
HPV16_PV051159	E7	HPV16REF|lcl|Human	846	T	C	1	HPV_11092024:KHCA-152
HPV16_PV051164	E6	HPV16REF|lcl|Human	350	T	G	0	
HPV16_PV051165	E6	HPV16REF|lcl|Human	350	T	G	0	
