Sample	run	sample	gene	chrom	pos	ref	alt	Consequence	gene	transcript	biotype	strand	amino_acid_change	dna_change
HPV_11092024:KHCA-064:HPV16:E6*:T178A:D25E	HPV_11092024	KHCA-064	E6	HPV16REF|lcl|Human	178	T	A	missense	E6*	HPV16_E6*.mRNA	protein_coding	+	25D>25E	178T>A
HPV_11092024:KHCA-064:HPV16:E6:T178A:D25E	HPV_11092024	KHCA-064	E6	HPV16REF|lcl|Human	178	T	A	missense	E6	HPV16_E6.mRNA	protein_coding	+	25D>25E	178T>A
HPV_11092024:KHCA-064:HPV16:E7:G666A:35E	HPV_11092024	KHCA-064	E7	HPV16REF|lcl|Human	666	G	A	synonymous	E7	HPV16_E7.mRNA	protein_coding	+	35E	666G>A
HPV_11092024:KHCA-152:HPV16:E6*:T178G:D25E	HPV_11092024	KHCA-152	E6	HPV16REF|lcl|Human	178	T	G	missense	E6*	HPV16_E6*.mRNA	protein_coding	+	25D>25E	178T>G
HPV_11092024:KHCA-152:HPV16:E6:T178G:D25E	HPV_11092024	KHCA-152	E6	HPV16REF|lcl|Human	178	T	G	missense	E6	HPV16_E6.mRNA	protein_coding	+	25D>25E	178T>G
HPV_11092024:KHCA-152:HPV16:E7:A647G:N29S	HPV_11092024	KHCA-152	E7	HPV16REF|lcl|Human	647	A	G	missense	E7	HPV16_E7.mRNA	protein_coding	+	29N>29S	647A>G
HPV_11092024:KHCA-152:HPV16:E7:T846C:95S	HPV_11092024	KHCA-152	E7	HPV16REF|lcl|Human	846	T	C	synonymous	E7	HPV16_E7.mRNA	protein_coding	+	95S	846T>C
HPV_11092024:KHCA-298:HPV16:E6*:T178A:D25E	HPV_11092024	KHCA-298	E6	HPV16REF|lcl|Human	178	T	A	missense	E6*	HPV16_E6*.mRNA	protein_coding	+	25D>25E	178T>A
HPV_11092024:KHCA-298:HPV16:E6:T178A:D25E	HPV_11092024	KHCA-298	E6	HPV16REF|lcl|Human	178	T	A	missense	E6	HPV16_E6.mRNA	protein_coding	+	25D>25E	178T>A
HPV_11092024:KHCA-298:HPV16:E7:G666A:35E	HPV_11092024	KHCA-298	E7	HPV16REF|lcl|Human	666	G	A	synonymous	E7	HPV16_E7.mRNA	protein_coding	+	35E	666G>A
HPV_11092024:KHCA-306:HPV16:E6*:T109C:2F	HPV_11092024	KHCA-306	E6	HPV16REF|lcl|Human	109	T	C	synonymous	E6*	HPV16_E6*.mRNA	protein_coding	+	2F	109T>C
HPV_11092024:KHCA-306:HPV16:E6:T109C:2F	HPV_11092024	KHCA-306	E6	HPV16REF|lcl|Human	109	T	C	synonymous	E6	HPV16_E6.mRNA	protein_coding	+	2F	109T>C
HPV_11092024:KHCA-306:HPV16:E6*:G132T:R10I	HPV_11092024	KHCA-306	E6	HPV16REF|lcl|Human	132	G	T	missense	E6*	HPV16_E6*.mRNA	protein_coding	+	10R>10I	132G>T
HPV_11092024:KHCA-306:HPV16:E6:G132T:R10I	HPV_11092024	KHCA-306	E6	HPV16REF|lcl|Human	132	G	T	missense	E6	HPV16_E6.mRNA	protein_coding	+	10R>10I	132G>T
HPV_11092024:KHCA-306:HPV16:E6*:C143G:Q14D	HPV_11092024	KHCA-306	E6	HPV16REF|lcl|Human	143	C	G	missense	E6*	HPV16_E6*.mRNA	protein_coding	+	14Q>14D	143C>G+145G>T
HPV_11092024:KHCA-306:HPV16:E6:C143G:Q14D	HPV_11092024	KHCA-306	E6	HPV16REF|lcl|Human	143	C	G	missense	E6	HPV16_E6.mRNA	protein_coding	+	14Q>14D	143C>G+145G>T
HPV_11092024:KHCA-306:HPV16:E6:G145T:@143	HPV_11092024	KHCA-306	E6	HPV16REF|lcl|Human	145	G	T	@143						
HPV_11092024:KHCA-306:HPV16:E6:T286A:61A	HPV_11092024	KHCA-306	E6	HPV16REF|lcl|Human	286	T	A	synonymous	E6	HPV16_E6.mRNA	protein_coding	+	61A	286T>A
HPV_11092024:KHCA-306:HPV16:E6:A289G:62V	HPV_11092024	KHCA-306	E6	HPV16REF|lcl|Human	289	A	G	synonymous	E6	HPV16_E6.mRNA	protein_coding	+	62V	289A>G
HPV_11092024:KHCA-306:HPV16:E6:C335T:H78Y	HPV_11092024	KHCA-306	E6	HPV16REF|lcl|Human	335	C	T	missense	E6	HPV16_E6.mRNA	protein_coding	+	78H>78Y	335C>T
HPV_11092024:KHCA-306:HPV16:E6:A403G:100L	HPV_11092024	KHCA-306	E6	HPV16REF|lcl|Human	403	A	G	synonymous	E6	HPV16_E6.mRNA	protein_coding	+	100L	403A>G
HPV_11092024:KHCA-306:HPV16:E7:A647G:N29S	HPV_11092024	KHCA-306	E7	HPV16REF|lcl|Human	647	A	G	missense	E7	HPV16_E7.mRNA	protein_coding	+	29N>29S	647A>G
HPV_11092024:KHCA-306:HPV16:E7:T789C:76I	HPV_11092024	KHCA-306	E7	HPV16REF|lcl|Human	789	T	C	synonymous	E7	HPV16_E7.mRNA	protein_coding	+	76I	789T>C
HPV_11092024:KHCA-306:HPV16:E7:T795G:78T	HPV_11092024	KHCA-306	E7	HPV16REF|lcl|Human	795	T	G	synonymous	E7	HPV16_E7.mRNA	protein_coding	+	78T	795T>G
