ID	E6_variants	E7_variants
3__KHCA-056	-	-
3__KHCA-064	T178A(D25E)	G666A(syn)
3__KHCA-075	-	-
3__KHCA-078	-	-
3__KHCA-082	-	-
3__KHCA-092	-	-
3__KHCA-149	-	-
3__KHCA-152	T178G(D25E)	A647G(N29S), T846C(syn)
3__KHCA-186	-	-
3__KHCA-204	-	-
3__KHCA-213	-	-
3__KHCA-229	-	-
3__KHCA-237	-	-
3__KHCA-298	T178A(D25E)	G666A(syn)
3__KHCA-306	T109C(syn), G132T(R10I), C143G(Q14D), T286A(syn), A289G(syn), C335T(H78Y), A403G(syn)	A647G(N29S), T789C(syn), T795G(syn)
3__KHCA-328	-	-
3__Undetermined	T178A(D25E)	-
2__PV051151	T350G(L83V)	C790T(R77C)
2__PV051152	-	G666A(syn)
2__PV051153	-	-
2__PV051154	T178G(D25E)	A647G(N29S), T846C(syn)
2__PV051155	T178G(D25E)	A647G(N29S), T846C(syn)
2__PV051156	A276G(N58S)	G666A(syn)
2__PV051157	-	-
2__PV051158	T109C(syn), G132T(R10I), C143G+G145T(Q14E), T286A(syn), A289G(syn), C335T(H78Y), A403G(syn)	A647G(N29S), T789C(syn), T795G(syn)
2__PV051159	T178G(D25E)	A647G(N29S), T846C(syn)
2__PV051160	-	-
2__PV051161	-	-
2__PV051163	-	-
2__PV051164	T350G(L83V)	-
2__PV051165	T350G(L83V)	-
2__PV051166	-	-
2__PV051167	-	-
1__A1/NC_001526.4	-	-
1__B3/KU053910.1	C143G+G145T(Q14E), T286A(syn), A289G(syn), T295G(D64E), C335T(H78Y)	T789C(syn), T795G(syn)
1__B4/KU053914.1	A131G(R10G), C143G+G145T(Q14E), T286A(syn), A289G(syn), T295G(D64E), C335T(H78Y), T350G(L83V)	T789C(syn), T795G(syn)
1__C3/KU053921.1	C143G+G145T(Q14E), T286A(syn), A289G(syn), C335T(H78Y)	T789C(syn), T795G(syn)
1__C4/KU053922.1	C143G+G145T(Q14E), T286A(syn), A289G(syn), C335T(H78Y)	T789C(syn), T795G(syn), G823A(G88R)
1__D4/KU053933.1	G145T(Q14H), T286A(syn), A289G(syn), C335T(H78Y), T350G(L83V)	T789C(syn), T795G(syn)
1__A3/HQ644236.1	A276G(N58S)	G666A(syn)
1__C2/HQ644244.1	T137A(L12I), C143G+G145T(Q14E), C285G(A61G), T286A(syn), A289G(syn), C335T(H78Y)	T789C(syn), T795G(syn)
1__D1/HQ644257.1	G145T(Q14H), T286A(syn), A289G(syn), C335T(H78Y), T350G(L83V)	T789C(syn), T795G(syn)
1__B2/HQ644298.1	A131G(R10G), C143G+G145T(Q14E), T286A(syn), A289G(syn), C335T(H78Y)	A647G(N29S), T789C(syn), T795G(syn)
1__D2/AY686579.1	G145T(Q14H), T286A(syn), A289G(syn), C335T(H78Y), T350G(L83V), A532G(syn)	T732C(syn), T789C(syn), T795G(syn)
1__A4/AF534061.1	T178G(D25E)	A647G(N29S), T846C(syn)
1__A2/AF536179.1	A131G(R10G), T350G(L83V)	-
1__B1/AF536180.1	G132C(R10T), C143G+G145T(Q14E), T286A(syn), A289G(syn), C335T(H78Y)	T789C(syn), T795G(syn)
1__D3/AF402678.1	G145T(Q14H), T286A(syn), A289G(syn), C335T(H78Y), T350G(L83V), G433A(syn), A532G(syn)	T732C(syn), T789C(syn), T795G(syn)
1__C1/AF472509.1	T109C(syn), G132T(R10I), C143G+G145T(Q14E), T286A(syn), A289G(syn), C335T(H78Y), A403G(syn)	A647G(N29S), T789C(syn), T795G(syn)
