ID	run	sample	gene	chrom	pos	ref	alt	cambodia_count	cambodia_ids
HPV_11092024:KHCA-064:E6:T178A	HPV_11092024	KHCA-064	E6	HPV16REF|lcl|Human	178	T	A	0	
HPV_11092024:KHCA-064:E7:G666A	HPV_11092024	KHCA-064	E7	HPV16REF|lcl|Human	666	G	A	2	HPV16_PV051152,HPV16_PV051156
HPV_11092024:KHCA-152:E6:T178G	HPV_11092024	KHCA-152	E6	HPV16REF|lcl|Human	178	T	G	3	HPV16_PV051154,HPV16_PV051155,HPV16_PV051159
HPV_11092024:KHCA-152:E7:A647G	HPV_11092024	KHCA-152	E7	HPV16REF|lcl|Human	647	A	G	4	HPV16_PV051154,HPV16_PV051155,HPV16_PV051158,HPV16_PV051159
HPV_11092024:KHCA-152:E7:T846C	HPV_11092024	KHCA-152	E7	HPV16REF|lcl|Human	846	T	C	3	HPV16_PV051154,HPV16_PV051155,HPV16_PV051159
HPV_11092024:KHCA-298:E6:T178A	HPV_11092024	KHCA-298	E6	HPV16REF|lcl|Human	178	T	A	0	
HPV_11092024:KHCA-298:E7:G666A	HPV_11092024	KHCA-298	E7	HPV16REF|lcl|Human	666	G	A	2	HPV16_PV051152,HPV16_PV051156
HPV_11092024:KHCA-306:E6:T109C	HPV_11092024	KHCA-306	E6	HPV16REF|lcl|Human	109	T	C	1	HPV16_PV051158
HPV_11092024:KHCA-306:E6:G132T	HPV_11092024	KHCA-306	E6	HPV16REF|lcl|Human	132	G	T	1	HPV16_PV051158
HPV_11092024:KHCA-306:E6:C143G	HPV_11092024	KHCA-306	E6	HPV16REF|lcl|Human	143	C	G	1	HPV16_PV051158
HPV_11092024:KHCA-306:E6:G145T	HPV_11092024	KHCA-306	E6	HPV16REF|lcl|Human	145	G	T	1	HPV16_PV051158
HPV_11092024:KHCA-306:E6:T286A	HPV_11092024	KHCA-306	E6	HPV16REF|lcl|Human	286	T	A	1	HPV16_PV051158
HPV_11092024:KHCA-306:E6:A289G	HPV_11092024	KHCA-306	E6	HPV16REF|lcl|Human	289	A	G	1	HPV16_PV051158
HPV_11092024:KHCA-306:E6:C335T	HPV_11092024	KHCA-306	E6	HPV16REF|lcl|Human	335	C	T	1	HPV16_PV051158
HPV_11092024:KHCA-306:E6:A403G	HPV_11092024	KHCA-306	E6	HPV16REF|lcl|Human	403	A	G	1	HPV16_PV051158
HPV_11092024:KHCA-306:E7:A647G	HPV_11092024	KHCA-306	E7	HPV16REF|lcl|Human	647	A	G	4	HPV16_PV051154,HPV16_PV051155,HPV16_PV051158,HPV16_PV051159
HPV_11092024:KHCA-306:E7:T789C	HPV_11092024	KHCA-306	E7	HPV16REF|lcl|Human	789	T	C	1	HPV16_PV051158
HPV_11092024:KHCA-306:E7:T795G	HPV_11092024	KHCA-306	E7	HPV16REF|lcl|Human	795	T	G	1	HPV16_PV051158
HPV_11092024:Undetermined:E6:T178A	HPV_11092024	Undetermined	E6	HPV16REF|lcl|Human	178	T	A	0	
