ID	run	sample	database_id	shared_snps	shared_snp_ids	sample_only_snps	sample_only_snp_ids	database_only_snps	database_only_snp_ids	sample_total	database_total	jaccard
HPV_11092024:KHCA-064:HPV16_PV051151	HPV_11092024	KHCA-064	HPV16_PV051151	0		2	E6:T178A,E7:G666A	2	E6:T350G,E7:C790T	2	2	0.000
HPV_11092024:KHCA-064:HPV16_PV051152	HPV_11092024	KHCA-064	HPV16_PV051152	1	E7:G666A	1	E6:T178A	0		2	1	0.500
HPV_11092024:KHCA-064:HPV16_PV051154	HPV_11092024	KHCA-064	HPV16_PV051154	0		2	E6:T178A,E7:G666A	3	E6:T178G,E7:A647G,E7:T846C	2	3	0.000
HPV_11092024:KHCA-064:HPV16_PV051155	HPV_11092024	KHCA-064	HPV16_PV051155	0		2	E6:T178A,E7:G666A	3	E6:T178G,E7:A647G,E7:T846C	2	3	0.000
HPV_11092024:KHCA-064:HPV16_PV051156	HPV_11092024	KHCA-064	HPV16_PV051156	1	E7:G666A	1	E6:T178A	1	E6:A276G	2	2	0.333
HPV_11092024:KHCA-064:HPV16_PV051158	HPV_11092024	KHCA-064	HPV16_PV051158	0		2	E6:T178A,E7:G666A	11	E6:A289G,E6:A403G,E6:C143G,E6:C335T,E6:G132T,E6:G145T,E6:T109C,E6:T286A,E7:A647G,E7:T789C,E7:T795G	2	11	0.000
HPV_11092024:KHCA-064:HPV16_PV051159	HPV_11092024	KHCA-064	HPV16_PV051159	0		2	E6:T178A,E7:G666A	3	E6:T178G,E7:A647G,E7:T846C	2	3	0.000
HPV_11092024:KHCA-064:HPV16_PV051164	HPV_11092024	KHCA-064	HPV16_PV051164	0		2	E6:T178A,E7:G666A	1	E6:T350G	2	1	0.000
HPV_11092024:KHCA-064:HPV16_PV051165	HPV_11092024	KHCA-064	HPV16_PV051165	0		2	E6:T178A,E7:G666A	1	E6:T350G	2	1	0.000
HPV_11092024:KHCA-152:HPV16_PV051151	HPV_11092024	KHCA-152	HPV16_PV051151	0		3	E6:T178G,E7:A647G,E7:T846C	2	E6:T350G,E7:C790T	3	2	0.000
HPV_11092024:KHCA-152:HPV16_PV051152	HPV_11092024	KHCA-152	HPV16_PV051152	0		3	E6:T178G,E7:A647G,E7:T846C	1	E7:G666A	3	1	0.000
HPV_11092024:KHCA-152:HPV16_PV051154	HPV_11092024	KHCA-152	HPV16_PV051154	3	E6:T178G,E7:A647G,E7:T846C	0		0		3	3	1.000
HPV_11092024:KHCA-152:HPV16_PV051155	HPV_11092024	KHCA-152	HPV16_PV051155	3	E6:T178G,E7:A647G,E7:T846C	0		0		3	3	1.000
HPV_11092024:KHCA-152:HPV16_PV051156	HPV_11092024	KHCA-152	HPV16_PV051156	0		3	E6:T178G,E7:A647G,E7:T846C	2	E6:A276G,E7:G666A	3	2	0.000
HPV_11092024:KHCA-152:HPV16_PV051158	HPV_11092024	KHCA-152	HPV16_PV051158	1	E7:A647G	2	E6:T178G,E7:T846C	10	E6:A289G,E6:A403G,E6:C143G,E6:C335T,E6:G132T,E6:G145T,E6:T109C,E6:T286A,E7:T789C,E7:T795G	3	11	0.077
HPV_11092024:KHCA-152:HPV16_PV051159	HPV_11092024	KHCA-152	HPV16_PV051159	3	E6:T178G,E7:A647G,E7:T846C	0		0		3	3	1.000
HPV_11092024:KHCA-152:HPV16_PV051164	HPV_11092024	KHCA-152	HPV16_PV051164	0		3	E6:T178G,E7:A647G,E7:T846C	1	E6:T350G	3	1	0.000
HPV_11092024:KHCA-152:HPV16_PV051165	HPV_11092024	KHCA-152	HPV16_PV051165	0		3	E6:T178G,E7:A647G,E7:T846C	1	E6:T350G	3	1	0.000
HPV_11092024:KHCA-298:HPV16_PV051151	HPV_11092024	KHCA-298	HPV16_PV051151	0		2	E6:T178A,E7:G666A	2	E6:T350G,E7:C790T	2	2	0.000
HPV_11092024:KHCA-298:HPV16_PV051152	HPV_11092024	KHCA-298	HPV16_PV051152	1	E7:G666A	1	E6:T178A	0		2	1	0.500
HPV_11092024:KHCA-298:HPV16_PV051154	HPV_11092024	KHCA-298	HPV16_PV051154	0		2	E6:T178A,E7:G666A	3	E6:T178G,E7:A647G,E7:T846C	2	3	0.000
HPV_11092024:KHCA-298:HPV16_PV051155	HPV_11092024	KHCA-298	HPV16_PV051155	0		2	E6:T178A,E7:G666A	3	E6:T178G,E7:A647G,E7:T846C	2	3	0.000
HPV_11092024:KHCA-298:HPV16_PV051156	HPV_11092024	KHCA-298	HPV16_PV051156	1	E7:G666A	1	E6:T178A	1	E6:A276G	2	2	0.333
HPV_11092024:KHCA-298:HPV16_PV051158	HPV_11092024	KHCA-298	HPV16_PV051158	0		2	E6:T178A,E7:G666A	11	E6:A289G,E6:A403G,E6:C143G,E6:C335T,E6:G132T,E6:G145T,E6:T109C,E6:T286A,E7:A647G,E7:T789C,E7:T795G	2	11	0.000
HPV_11092024:KHCA-298:HPV16_PV051159	HPV_11092024	KHCA-298	HPV16_PV051159	0		2	E6:T178A,E7:G666A	3	E6:T178G,E7:A647G,E7:T846C	2	3	0.000
HPV_11092024:KHCA-298:HPV16_PV051164	HPV_11092024	KHCA-298	HPV16_PV051164	0		2	E6:T178A,E7:G666A	1	E6:T350G	2	1	0.000
HPV_11092024:KHCA-298:HPV16_PV051165	HPV_11092024	KHCA-298	HPV16_PV051165	0		2	E6:T178A,E7:G666A	1	E6:T350G	2	1	0.000
HPV_11092024:KHCA-306:HPV16_PV051151	HPV_11092024	KHCA-306	HPV16_PV051151	0		11	E6:A289G,E6:A403G,E6:C143G,E6:C335T,E6:G132T,E6:G145T,E6:T109C,E6:T286A,E7:A647G,E7:T789C,E7:T795G	2	E6:T350G,E7:C790T	11	2	0.000
HPV_11092024:KHCA-306:HPV16_PV051152	HPV_11092024	KHCA-306	HPV16_PV051152	0		11	E6:A289G,E6:A403G,E6:C143G,E6:C335T,E6:G132T,E6:G145T,E6:T109C,E6:T286A,E7:A647G,E7:T789C,E7:T795G	1	E7:G666A	11	1	0.000
HPV_11092024:KHCA-306:HPV16_PV051154	HPV_11092024	KHCA-306	HPV16_PV051154	1	E7:A647G	10	E6:A289G,E6:A403G,E6:C143G,E6:C335T,E6:G132T,E6:G145T,E6:T109C,E6:T286A,E7:T789C,E7:T795G	2	E6:T178G,E7:T846C	11	3	0.077
HPV_11092024:KHCA-306:HPV16_PV051155	HPV_11092024	KHCA-306	HPV16_PV051155	1	E7:A647G	10	E6:A289G,E6:A403G,E6:C143G,E6:C335T,E6:G132T,E6:G145T,E6:T109C,E6:T286A,E7:T789C,E7:T795G	2	E6:T178G,E7:T846C	11	3	0.077
HPV_11092024:KHCA-306:HPV16_PV051156	HPV_11092024	KHCA-306	HPV16_PV051156	0		11	E6:A289G,E6:A403G,E6:C143G,E6:C335T,E6:G132T,E6:G145T,E6:T109C,E6:T286A,E7:A647G,E7:T789C,E7:T795G	2	E6:A276G,E7:G666A	11	2	0.000
HPV_11092024:KHCA-306:HPV16_PV051158	HPV_11092024	KHCA-306	HPV16_PV051158	11	E6:A289G,E6:A403G,E6:C143G,E6:C335T,E6:G132T,E6:G145T,E6:T109C,E6:T286A,E7:A647G,E7:T789C,E7:T795G	0		0		11	11	1.000
HPV_11092024:KHCA-306:HPV16_PV051159	HPV_11092024	KHCA-306	HPV16_PV051159	1	E7:A647G	10	E6:A289G,E6:A403G,E6:C143G,E6:C335T,E6:G132T,E6:G145T,E6:T109C,E6:T286A,E7:T789C,E7:T795G	2	E6:T178G,E7:T846C	11	3	0.077
HPV_11092024:KHCA-306:HPV16_PV051164	HPV_11092024	KHCA-306	HPV16_PV051164	0		11	E6:A289G,E6:A403G,E6:C143G,E6:C335T,E6:G132T,E6:G145T,E6:T109C,E6:T286A,E7:A647G,E7:T789C,E7:T795G	1	E6:T350G	11	1	0.000
HPV_11092024:KHCA-306:HPV16_PV051165	HPV_11092024	KHCA-306	HPV16_PV051165	0		11	E6:A289G,E6:A403G,E6:C143G,E6:C335T,E6:G132T,E6:G145T,E6:T109C,E6:T286A,E7:A647G,E7:T789C,E7:T795G	1	E6:T350G	11	1	0.000
