run	sample	lineage	shared_snps	shared_snp_ids	sample_only_snps	sample_only_snp_ids	lineage_only_snps	lineage_only_snp_ids	sample_total	lineage_total	jaccard
HPV_11092024	KHCA-064	A2/AF536179.1	0		2	E6:T178A,E7:G666A	2	E6:A131G,E6:T350G	2	2	0.000
HPV_11092024	KHCA-064	A3/HQ644236.1	1	E7:G666A	1	E6:T178A	1	E6:A276G	2	2	0.333
HPV_11092024	KHCA-064	A4/AF534061.1	0		2	E6:T178A,E7:G666A	3	E6:T178G,E7:A647G,E7:T846C	2	3	0.000
HPV_11092024	KHCA-064	B1/AF536180.1	0		2	E6:T178A,E7:G666A	8	E6:A289G,E6:C143G,E6:C335T,E6:G132C,E6:G145T,E6:T286A,E7:T789C,E7:T795G	2	8	0.000
HPV_11092024	KHCA-064	B2/HQ644298.1	0		2	E6:T178A,E7:G666A	9	E6:A131G,E6:A289G,E6:C143G,E6:C335T,E6:G145T,E6:T286A,E7:A647G,E7:T789C,E7:T795G	2	9	0.000
HPV_11092024	KHCA-064	B3/KU053910.1	0		2	E6:T178A,E7:G666A	8	E6:A289G,E6:C143G,E6:C335T,E6:G145T,E6:T286A,E6:T295G,E7:T789C,E7:T795G	2	8	0.000
HPV_11092024	KHCA-064	B4/KU053914.1	0		2	E6:T178A,E7:G666A	10	E6:A131G,E6:A289G,E6:C143G,E6:C335T,E6:G145T,E6:T286A,E6:T295G,E6:T350G,E7:T789C,E7:T795G	2	10	0.000
HPV_11092024	KHCA-064	C1/AF472509.1	0		2	E6:T178A,E7:G666A	11	E6:A289G,E6:A403G,E6:C143G,E6:C335T,E6:G132T,E6:G145T,E6:T109C,E6:T286A,E7:A647G,E7:T789C,E7:T795G	2	11	0.000
HPV_11092024	KHCA-064	C2/HQ644244.1	0		2	E6:T178A,E7:G666A	9	E6:A289G,E6:C143G,E6:C285G,E6:C335T,E6:G145T,E6:T137A,E6:T286A,E7:T789C,E7:T795G	2	9	0.000
HPV_11092024	KHCA-064	C3/KU053921.1	0		2	E6:T178A,E7:G666A	7	E6:A289G,E6:C143G,E6:C335T,E6:G145T,E6:T286A,E7:T789C,E7:T795G	2	7	0.000
HPV_11092024	KHCA-064	C4/KU053922.1	0		2	E6:T178A,E7:G666A	8	E6:A289G,E6:C143G,E6:C335T,E6:G145T,E6:T286A,E7:G823A,E7:T789C,E7:T795G	2	8	0.000
HPV_11092024	KHCA-064	D1/HQ644257.1	0		2	E6:T178A,E7:G666A	7	E6:A289G,E6:C335T,E6:G145T,E6:T286A,E6:T350G,E7:T789C,E7:T795G	2	7	0.000
HPV_11092024	KHCA-064	D2/AY686579.1	0		2	E6:T178A,E7:G666A	9	E6:A289G,E6:A532G,E6:C335T,E6:G145T,E6:T286A,E6:T350G,E7:T732C,E7:T789C,E7:T795G	2	9	0.000
HPV_11092024	KHCA-064	D3/AF402678.1	0		2	E6:T178A,E7:G666A	10	E6:A289G,E6:A532G,E6:C335T,E6:G145T,E6:G433A,E6:T286A,E6:T350G,E7:T732C,E7:T789C,E7:T795G	2	10	0.000
HPV_11092024	KHCA-064	D4/KU053933.1	0		2	E6:T178A,E7:G666A	7	E6:A289G,E6:C335T,E6:G145T,E6:T286A,E6:T350G,E7:T789C,E7:T795G	2	7	0.000
HPV_11092024	KHCA-152	A2/AF536179.1	0		3	E6:T178G,E7:A647G,E7:T846C	2	E6:A131G,E6:T350G	3	2	0.000
HPV_11092024	KHCA-152	A3/HQ644236.1	0		3	E6:T178G,E7:A647G,E7:T846C	2	E6:A276G,E7:G666A	3	2	0.000
HPV_11092024	KHCA-152	A4/AF534061.1	3	E6:T178G,E7:A647G,E7:T846C	0		0		3	3	1.000
HPV_11092024	KHCA-152	B1/AF536180.1	0		3	E6:T178G,E7:A647G,E7:T846C	8	E6:A289G,E6:C143G,E6:C335T,E6:G132C,E6:G145T,E6:T286A,E7:T789C,E7:T795G	3	8	0.000
HPV_11092024	KHCA-152	B2/HQ644298.1	1	E7:A647G	2	E6:T178G,E7:T846C	8	E6:A131G,E6:A289G,E6:C143G,E6:C335T,E6:G145T,E6:T286A,E7:T789C,E7:T795G	3	9	0.091
HPV_11092024	KHCA-152	B3/KU053910.1	0		3	E6:T178G,E7:A647G,E7:T846C	8	E6:A289G,E6:C143G,E6:C335T,E6:G145T,E6:T286A,E6:T295G,E7:T789C,E7:T795G	3	8	0.000
HPV_11092024	KHCA-152	B4/KU053914.1	0		3	E6:T178G,E7:A647G,E7:T846C	10	E6:A131G,E6:A289G,E6:C143G,E6:C335T,E6:G145T,E6:T286A,E6:T295G,E6:T350G,E7:T789C,E7:T795G	3	10	0.000
HPV_11092024	KHCA-152	C1/AF472509.1	1	E7:A647G	2	E6:T178G,E7:T846C	10	E6:A289G,E6:A403G,E6:C143G,E6:C335T,E6:G132T,E6:G145T,E6:T109C,E6:T286A,E7:T789C,E7:T795G	3	11	0.077
HPV_11092024	KHCA-152	C2/HQ644244.1	0		3	E6:T178G,E7:A647G,E7:T846C	9	E6:A289G,E6:C143G,E6:C285G,E6:C335T,E6:G145T,E6:T137A,E6:T286A,E7:T789C,E7:T795G	3	9	0.000
HPV_11092024	KHCA-152	C3/KU053921.1	0		3	E6:T178G,E7:A647G,E7:T846C	7	E6:A289G,E6:C143G,E6:C335T,E6:G145T,E6:T286A,E7:T789C,E7:T795G	3	7	0.000
HPV_11092024	KHCA-152	C4/KU053922.1	0		3	E6:T178G,E7:A647G,E7:T846C	8	E6:A289G,E6:C143G,E6:C335T,E6:G145T,E6:T286A,E7:G823A,E7:T789C,E7:T795G	3	8	0.000
HPV_11092024	KHCA-152	D1/HQ644257.1	0		3	E6:T178G,E7:A647G,E7:T846C	7	E6:A289G,E6:C335T,E6:G145T,E6:T286A,E6:T350G,E7:T789C,E7:T795G	3	7	0.000
HPV_11092024	KHCA-152	D2/AY686579.1	0		3	E6:T178G,E7:A647G,E7:T846C	9	E6:A289G,E6:A532G,E6:C335T,E6:G145T,E6:T286A,E6:T350G,E7:T732C,E7:T789C,E7:T795G	3	9	0.000
HPV_11092024	KHCA-152	D3/AF402678.1	0		3	E6:T178G,E7:A647G,E7:T846C	10	E6:A289G,E6:A532G,E6:C335T,E6:G145T,E6:G433A,E6:T286A,E6:T350G,E7:T732C,E7:T789C,E7:T795G	3	10	0.000
HPV_11092024	KHCA-152	D4/KU053933.1	0		3	E6:T178G,E7:A647G,E7:T846C	7	E6:A289G,E6:C335T,E6:G145T,E6:T286A,E6:T350G,E7:T789C,E7:T795G	3	7	0.000
HPV_11092024	KHCA-298	A2/AF536179.1	0		2	E6:T178A,E7:G666A	2	E6:A131G,E6:T350G	2	2	0.000
HPV_11092024	KHCA-298	A3/HQ644236.1	1	E7:G666A	1	E6:T178A	1	E6:A276G	2	2	0.333
HPV_11092024	KHCA-298	A4/AF534061.1	0		2	E6:T178A,E7:G666A	3	E6:T178G,E7:A647G,E7:T846C	2	3	0.000
HPV_11092024	KHCA-298	B1/AF536180.1	0		2	E6:T178A,E7:G666A	8	E6:A289G,E6:C143G,E6:C335T,E6:G132C,E6:G145T,E6:T286A,E7:T789C,E7:T795G	2	8	0.000
HPV_11092024	KHCA-298	B2/HQ644298.1	0		2	E6:T178A,E7:G666A	9	E6:A131G,E6:A289G,E6:C143G,E6:C335T,E6:G145T,E6:T286A,E7:A647G,E7:T789C,E7:T795G	2	9	0.000
HPV_11092024	KHCA-298	B3/KU053910.1	0		2	E6:T178A,E7:G666A	8	E6:A289G,E6:C143G,E6:C335T,E6:G145T,E6:T286A,E6:T295G,E7:T789C,E7:T795G	2	8	0.000
HPV_11092024	KHCA-298	B4/KU053914.1	0		2	E6:T178A,E7:G666A	10	E6:A131G,E6:A289G,E6:C143G,E6:C335T,E6:G145T,E6:T286A,E6:T295G,E6:T350G,E7:T789C,E7:T795G	2	10	0.000
HPV_11092024	KHCA-298	C1/AF472509.1	0		2	E6:T178A,E7:G666A	11	E6:A289G,E6:A403G,E6:C143G,E6:C335T,E6:G132T,E6:G145T,E6:T109C,E6:T286A,E7:A647G,E7:T789C,E7:T795G	2	11	0.000
HPV_11092024	KHCA-298	C2/HQ644244.1	0		2	E6:T178A,E7:G666A	9	E6:A289G,E6:C143G,E6:C285G,E6:C335T,E6:G145T,E6:T137A,E6:T286A,E7:T789C,E7:T795G	2	9	0.000
HPV_11092024	KHCA-298	C3/KU053921.1	0		2	E6:T178A,E7:G666A	7	E6:A289G,E6:C143G,E6:C335T,E6:G145T,E6:T286A,E7:T789C,E7:T795G	2	7	0.000
HPV_11092024	KHCA-298	C4/KU053922.1	0		2	E6:T178A,E7:G666A	8	E6:A289G,E6:C143G,E6:C335T,E6:G145T,E6:T286A,E7:G823A,E7:T789C,E7:T795G	2	8	0.000
HPV_11092024	KHCA-298	D1/HQ644257.1	0		2	E6:T178A,E7:G666A	7	E6:A289G,E6:C335T,E6:G145T,E6:T286A,E6:T350G,E7:T789C,E7:T795G	2	7	0.000
HPV_11092024	KHCA-298	D2/AY686579.1	0		2	E6:T178A,E7:G666A	9	E6:A289G,E6:A532G,E6:C335T,E6:G145T,E6:T286A,E6:T350G,E7:T732C,E7:T789C,E7:T795G	2	9	0.000
HPV_11092024	KHCA-298	D3/AF402678.1	0		2	E6:T178A,E7:G666A	10	E6:A289G,E6:A532G,E6:C335T,E6:G145T,E6:G433A,E6:T286A,E6:T350G,E7:T732C,E7:T789C,E7:T795G	2	10	0.000
HPV_11092024	KHCA-298	D4/KU053933.1	0		2	E6:T178A,E7:G666A	7	E6:A289G,E6:C335T,E6:G145T,E6:T286A,E6:T350G,E7:T789C,E7:T795G	2	7	0.000
HPV_11092024	KHCA-306	A2/AF536179.1	0		11	E6:A289G,E6:A403G,E6:C143G,E6:C335T,E6:G132T,E6:G145T,E6:T109C,E6:T286A,E7:A647G,E7:T789C,E7:T795G	2	E6:A131G,E6:T350G	11	2	0.000
HPV_11092024	KHCA-306	A3/HQ644236.1	0		11	E6:A289G,E6:A403G,E6:C143G,E6:C335T,E6:G132T,E6:G145T,E6:T109C,E6:T286A,E7:A647G,E7:T789C,E7:T795G	2	E6:A276G,E7:G666A	11	2	0.000
HPV_11092024	KHCA-306	A4/AF534061.1	1	E7:A647G	10	E6:A289G,E6:A403G,E6:C143G,E6:C335T,E6:G132T,E6:G145T,E6:T109C,E6:T286A,E7:T789C,E7:T795G	2	E6:T178G,E7:T846C	11	3	0.077
HPV_11092024	KHCA-306	B1/AF536180.1	7	E6:A289G,E6:C143G,E6:C335T,E6:G145T,E6:T286A,E7:T789C,E7:T795G	4	E6:A403G,E6:G132T,E6:T109C,E7:A647G	1	E6:G132C	11	8	0.583
HPV_11092024	KHCA-306	B2/HQ644298.1	8	E6:A289G,E6:C143G,E6:C335T,E6:G145T,E6:T286A,E7:A647G,E7:T789C,E7:T795G	3	E6:A403G,E6:G132T,E6:T109C	1	E6:A131G	11	9	0.667
HPV_11092024	KHCA-306	B3/KU053910.1	7	E6:A289G,E6:C143G,E6:C335T,E6:G145T,E6:T286A,E7:T789C,E7:T795G	4	E6:A403G,E6:G132T,E6:T109C,E7:A647G	1	E6:T295G	11	8	0.583
HPV_11092024	KHCA-306	B4/KU053914.1	7	E6:A289G,E6:C143G,E6:C335T,E6:G145T,E6:T286A,E7:T789C,E7:T795G	4	E6:A403G,E6:G132T,E6:T109C,E7:A647G	3	E6:A131G,E6:T295G,E6:T350G	11	10	0.500
HPV_11092024	KHCA-306	C1/AF472509.1	11	E6:A289G,E6:A403G,E6:C143G,E6:C335T,E6:G132T,E6:G145T,E6:T109C,E6:T286A,E7:A647G,E7:T789C,E7:T795G	0		0		11	11	1.000
HPV_11092024	KHCA-306	C2/HQ644244.1	7	E6:A289G,E6:C143G,E6:C335T,E6:G145T,E6:T286A,E7:T789C,E7:T795G	4	E6:A403G,E6:G132T,E6:T109C,E7:A647G	2	E6:C285G,E6:T137A	11	9	0.538
HPV_11092024	KHCA-306	C3/KU053921.1	7	E6:A289G,E6:C143G,E6:C335T,E6:G145T,E6:T286A,E7:T789C,E7:T795G	4	E6:A403G,E6:G132T,E6:T109C,E7:A647G	0		11	7	0.636
HPV_11092024	KHCA-306	C4/KU053922.1	7	E6:A289G,E6:C143G,E6:C335T,E6:G145T,E6:T286A,E7:T789C,E7:T795G	4	E6:A403G,E6:G132T,E6:T109C,E7:A647G	1	E7:G823A	11	8	0.583
HPV_11092024	KHCA-306	D1/HQ644257.1	6	E6:A289G,E6:C335T,E6:G145T,E6:T286A,E7:T789C,E7:T795G	5	E6:A403G,E6:C143G,E6:G132T,E6:T109C,E7:A647G	1	E6:T350G	11	7	0.500
HPV_11092024	KHCA-306	D2/AY686579.1	6	E6:A289G,E6:C335T,E6:G145T,E6:T286A,E7:T789C,E7:T795G	5	E6:A403G,E6:C143G,E6:G132T,E6:T109C,E7:A647G	3	E6:A532G,E6:T350G,E7:T732C	11	9	0.429
HPV_11092024	KHCA-306	D3/AF402678.1	6	E6:A289G,E6:C335T,E6:G145T,E6:T286A,E7:T789C,E7:T795G	5	E6:A403G,E6:C143G,E6:G132T,E6:T109C,E7:A647G	4	E6:A532G,E6:G433A,E6:T350G,E7:T732C	11	10	0.400
HPV_11092024	KHCA-306	D4/KU053933.1	6	E6:A289G,E6:C335T,E6:G145T,E6:T286A,E7:T789C,E7:T795G	5	E6:A403G,E6:C143G,E6:G132T,E6:T109C,E7:A647G	1	E6:T350G	11	7	0.500
