run	sample	gene	chrom	pos	ref	alt	Consequence	gene	transcript	biotype	strand	amino_acid_change	dna_change
HPV_150123_run01	KHCA-064	E6	HPV16REF|lcl|Human	178	T	A	missense	E6%2A	HPV16_E6%2A.mRNA	protein_coding	+	25D>25E	178T>A
HPV_150123_run01	KHCA-064	E6	HPV16REF|lcl|Human	178	T	A	missense	E6	HPV16_E6.mRNA	protein_coding	+	25D>25E	178T>A
HPV_150123_run01	KHCA-064	E7	HPV16REF|lcl|Human	666	G	A	synonymous	E7	HPV16_E7.mRNA	protein_coding	+	35E	666G>A
HPV_160823_run03	KHCA-298	E6	HPV16REF|lcl|Human	178	T	A	missense	E6%2A	HPV16_E6%2A.mRNA	protein_coding	+	25D>25E	178T>A
HPV_160823_run03	KHCA-298	E6	HPV16REF|lcl|Human	178	T	A	missense	E6	HPV16_E6.mRNA	protein_coding	+	25D>25E	178T>A
HPV_160823_run03	KHCA-298	E7	HPV16REF|lcl|Human	666	G	A	synonymous	E7	HPV16_E7.mRNA	protein_coding	+	35E	666G>A
HPV_160823_run03	KHCA-306	E6	HPV16REF|lcl|Human	109	T	C	synonymous	E6%2A	HPV16_E6%2A.mRNA	protein_coding	+	2F	109T>C
HPV_160823_run03	KHCA-306	E6	HPV16REF|lcl|Human	109	T	C	synonymous	E6	HPV16_E6.mRNA	protein_coding	+	2F	109T>C
HPV_160823_run03	KHCA-306	E6	HPV16REF|lcl|Human	132	G	T	missense	E6%2A	HPV16_E6%2A.mRNA	protein_coding	+	10R>10I	132G>T
HPV_160823_run03	KHCA-306	E6	HPV16REF|lcl|Human	132	G	T	missense	E6	HPV16_E6.mRNA	protein_coding	+	10R>10I	132G>T
HPV_160823_run03	KHCA-306	E6	HPV16REF|lcl|Human	143	C	G	missense	E6%2A	HPV16_E6%2A.mRNA	protein_coding	+	14Q>14D	143C>G+145G>T
HPV_160823_run03	KHCA-306	E6	HPV16REF|lcl|Human	143	C	G	missense	E6	HPV16_E6.mRNA	protein_coding	+	14Q>14D	143C>G+145G>T
HPV_160823_run03	KHCA-306	E6	HPV16REF|lcl|Human	145	G	T	@143						
HPV_160823_run03	KHCA-306	E6	HPV16REF|lcl|Human	286	T	A	synonymous	E6	HPV16_E6.mRNA	protein_coding	+	61A	286T>A
HPV_160823_run03	KHCA-306	E6	HPV16REF|lcl|Human	289	A	G	synonymous	E6	HPV16_E6.mRNA	protein_coding	+	62V	289A>G
HPV_160823_run03	KHCA-306	E6	HPV16REF|lcl|Human	335	C	T	missense	E6	HPV16_E6.mRNA	protein_coding	+	78H>78Y	335C>T
HPV_160823_run03	KHCA-306	E6	HPV16REF|lcl|Human	403	A	G	synonymous	E6	HPV16_E6.mRNA	protein_coding	+	100L	403A>G
HPV_160823_run03	KHCA-306	E7	HPV16REF|lcl|Human	647	A	G	missense	E7	HPV16_E7.mRNA	protein_coding	+	29N>29S	647A>G
HPV_160823_run03	KHCA-306	E7	HPV16REF|lcl|Human	789	T	C	synonymous	E7	HPV16_E7.mRNA	protein_coding	+	76I	789T>C
HPV_160823_run03	KHCA-306	E7	HPV16REF|lcl|Human	795	T	G	synonymous	E7	HPV16_E7.mRNA	protein_coding	+	78T	795T>G
HPV_250523_run02	KHCA152	E6	HPV16REF|lcl|Human	178	T	G	missense	E6%2A	HPV16_E6%2A.mRNA	protein_coding	+	25D>25E	178T>G
HPV_250523_run02	KHCA152	E6	HPV16REF|lcl|Human	178	T	G	missense	E6	HPV16_E6.mRNA	protein_coding	+	25D>25E	178T>G
HPV_250523_run02	KHCA152	E7	HPV16REF|lcl|Human	647	A	G	missense	E7	HPV16_E7.mRNA	protein_coding	+	29N>29S	647A>G
