Run ID	Sample ID	Bacteria (2)	Archaea (2157)	Phi X-174 (Spike) (10847)	Lentivirus (HIV) (11646)	Papillomaviridae (151340)	Other viruses (10239)
HPV_150123_run01	KHCA-056	0.9497206703910615	0.0111731843575419	0.002793296089385475	0.0	0.0	0.036312849162011177
HPV_150123_run01	KHCA-073	0.9183673469387755	0.017857142857142856	0.0	0.0	0.0	0.06377551020408163
HPV_150123_run01	KHCA-075	0.029863855950812472	0.00010979358805445762	0.00010979358805445762	0.0	0.9664031620553359	0.003513394817742644
HPV_150123_run01	KHCA-078	0.9273182957393483	0.010025062656641603	0.012531328320802004	0.0	0.005012531328320802	0.045112781954887216
HPV_150123_run01	KHCA-082	0.8398692810457516	0.029411764705882353	0.006535947712418301	0.0	0.0	0.12418300653594772
HPV_150123_run01	KHCA-092	0.9770679770679771	0.0036855036855036856	0.0012285012285012285	0.0	0.0	0.018018018018018018
HPV_150123_run01	KHCA-098	0.37453183520599254	0.011235955056179775	0.0	0.0	0.5318352059925093	0.08239700374531835
HPV_150123_run01	KHCA-100	0.9518477043673013	0.007838745800671893	0.0	0.0	0.0	0.040313549832026875
HPV_150123_run01	KHCA-103	0.4983108108108108	0.010135135135135136	0.0016891891891891893	0.0	0.33952702702702703	0.15033783783783783
HPV_150123_run01	KHCA-105	0.9452380952380952	0.008333333333333333	0.004761904761904762	0.0	0.014285714285714285	0.02738095238095238
HPV_150123_run01	KHCA-117	0.9937052311699588	0.001302365964836119	0.00021706099413935315	0.0	0.0	0.00477534187106577
HPV_150123_run01	KHCA-123	0.5825314581791265	0.008882309400444115	0.0007401924500370096	0.0	0.39008142116950406	0.01776461880088823
HPV_150123_run01	KHCA-133	0.9329896907216495	0.010309278350515464	0.002577319587628866	0.0	0.0	0.05412371134020619
HPV_150123_run01	KHCA-135	0.949309973758236	0.0064754856614246065	1.887896694292888e-05	0.0	0.04362929260510865	0.0005663690082878665
HPV_150123_run01	KHCA-136	0.313666162380232	0.005042864346949067	0.0010085728693898135	0.0	0.6676752395360565	0.012607160867372668
HPV_150123_run01	HVP-110	0.978340825500613	0.005721291377196567	0.0012259910093992644	0.0	0.004903964037597058	0.009807928075194115
HPV_150123_run01	Undetermined	0.164951065054692	0.0021288300390200215	0.7163129277809761	0.0	0.00028145589458197404	0.11632572123072987
HPV_150123_run01	KHCA-025	0.984746639089969	0.005170630816959669	0.0	0.0	0.0002585315408479835	0.00982419855222337
HPV_150123_run01	KHCA-029	0.6855895196506551	0.021834061135371178	0.004366812227074236	0.0	0.08733624454148471	0.20087336244541484
HPV_150123_run01	KHCA-030	0.9796747967479674	0.007317073170731708	0.0008130081300813008	0.0	0.0	0.012195121951219513
HPV_150123_run01	KHCA-037	0.8339100346020761	0.01730103806228374	0.0034602076124567475	0.0	0.07958477508650519	0.0657439446366782
HPV_150123_run01	KHCA-064	0.06335797254487856	0.0010559662090813093	0.0	0.0	0.9218585005279831	0.013727560718057022
HPV_250523_run02	KHCA116	0.8428571428571429	0.02857142857142857	0.05714285714285714	0.0	0.05	0.02142857142857143
HPV_250523_run02	KHCA146	0.9214501510574018	0.012084592145015106	0.0	0.0	0.0030211480362537764	0.0634441087613293
HPV_250523_run02	KHCA147	0.9388489208633094	0.017985611510791366	0.0035971223021582736	0.0	0.0	0.039568345323741004
HPV_250523_run02	KHCA148	0.9446153846153846	0.006153846153846154	0.0	0.0	0.009230769230769232	0.04
HPV_250523_run02	KHCA149	0.4523809523809524	0.020833333333333332	0.0	0.0	0.5059523809523809	0.020833333333333332
HPV_250523_run02	KHCA151	0.7695330559408229	0.0006934812760055479	0.0	0.0	0.2207582061950994	0.009015256588072122
HPV_250523_run02	KHCA152	0.5037037037037037	0.014814814814814815	0.0	0.0	0.3333333333333333	0.14814814814814814
HPV_250523_run02	KHCA162	0.8772727272727273	0.013636363636363636	0.013636363636363636	0.0	0.0	0.09545454545454546
HPV_250523_run02	KHCA164	0.7185430463576159	0.006622516556291391	0.0	0.0	0.2251655629139073	0.04966887417218543
HPV_250523_run02	KHCA166	0.8789237668161435	0.008968609865470852	0.0	0.0	0.09417040358744394	0.017937219730941704
HPV_250523_run02	KHCA168	0.8771929824561403	0.017543859649122806	0.0	0.0	0.04824561403508772	0.05701754385964912
HPV_250523_run02	KHCA169	0.7833537331701347	0.0036719706242350062	0.0012239902080783353	0.0	0.19583843329253367	0.01591187270501836
HPV_250523_run02	KHCA172	0.9313725490196079	0.00980392156862745	0.0	0.0	0.0	0.058823529411764705
HPV_250523_run02	KHCA179	0.4576271186440678	0.007532956685499058	0.0	0.0	0.5141242937853108	0.02071563088512241
HPV_250523_run02	KHCA181	0.72	0.003076923076923077	0.003076923076923077	0.0	0.1476923076923077	0.12615384615384614
HPV_250523_run02	KHCA182	0.7157676348547718	0.01037344398340249	0.002074688796680498	0.0	0.11203319502074689	0.15975103734439833
HPV_250523_run02	KHCA186	0.816711590296496	0.0017969451931716084	0.0008984725965858042	0.0	0.1752021563342318	0.005390835579514825
HPV_250523_run02	KHCA191	0.45161290322580644	0.0	0.0	0.0	0.0	0.5483870967741935
HPV_250523_run02	KHCA213	0.37184115523465705	0.0036101083032490976	0.0	0.0	0.5992779783393501	0.02527075812274368
HPV_250523_run02	KHCA223	0.7283582089552239	0.014925373134328358	0.014925373134328358	0.0	0.21791044776119403	0.023880597014925373
HPV_250523_run02	Ex	0.9805599883940229	0.012911649499492238	0.0004352241404323226	0.0	0.0001450747134774409	0.005948063252575076
HPV_250523_run02	Undetermined	0.015828571604782182	9.867802286246442e-05	0.9834868496116095	0.0	0.0002497787453706131	0.0003361220153752694
HPV_250523_run02	HPV019	0.9935041697158803	2.0104705305229635e-05	2.0104705305229637e-06	0.0	0.006453610402978713	2.0104705305229635e-05
HPV_250523_run02	KHCA187	0.9305962854349951	0.022482893450635387	0.0	0.0	0.0039100684261974585	0.043010752688172046
HPV_250523_run02	KHCA204	0.9424083769633508	0.0	0.0	0.0	0.005235602094240838	0.05235602094240838
HPV_160823_run03	KHCA-229	0.8676056338028169	0.016901408450704224	0.0	0.0	0.03380281690140845	0.08169014084507042
HPV_160823_run03	KHCA-230	0.9923341263547449	0.002907745175786413	0.0002643404705260375	0.0	0.0	0.004493787998942638
HPV_160823_run03	KHCA-232	0.9291338582677166	0.01968503937007874	0.003937007874015748	0.0	0.0	0.047244094488188976
HPV_160823_run03	KHCA-233	0.9521674140508222	0.007473841554559043	0.0014947683109118087	0.0	0.004484304932735426	0.0343796711509716
HPV_160823_run03	KHCA-235	0.8827160493827161	0.009259259259259259	0.0	0.0	0.043209876543209874	0.06481481481481481
HPV_160823_run03	KHCA-236	0.9793956043956044	0.005494505494505495	0.0	0.0	0.0013736263736263737	0.013736263736263736
HPV_160823_run03	KHCA-256	0.6923076923076923	0.01282051282051282	0.0	0.0	0.24358974358974358	0.05128205128205128
HPV_160823_run03	KHCA-263	0.4278115501519757	0.003799392097264438	0.001519756838905775	0.0	0.5585106382978723	0.008358662613981762
HPV_160823_run03	KHCA-268	0.9713930348258707	0.004975124378109453	0.0	0.0	0.0037313432835820895	0.01990049751243781
HPV_160823_run03	KHCA-285	0.9111111111111111	0.03333333333333333	0.0	0.0	0.011111111111111112	0.044444444444444446
HPV_160823_run03	KHCA-289	0.10110344827586207	0.006068965517241379	0.0	0.0	0.8917241379310344	0.001103448275862069
HPV_160823_run03	KHCA-298	0.5817610062893082	0.002620545073375262	0.0	0.0	0.4140461215932914	0.0015723270440251573
HPV_160823_run03	KHCA-305	0.9523026315789473	0.011513157894736841	0.0	0.0	0.003289473684210526	0.03289473684210526
HPV_160823_run03	KHCA-306	0.16695059625212946	0.0	0.0	0.0	0.82793867120954	0.005110732538330494
HPV_160823_run03	KHCA-307	0.9505208333333334	0.013020833333333334	0.0	0.0	0.0	0.036458333333333336
HPV_160823_run03	KHCA-322	0.939873417721519	0.015822784810126583	0.0	0.0	0.012658227848101266	0.03164556962025317
HPV_160823_run03	KHCA-323	0.9531835205992509	0.0046816479400749065	0.031835205992509365	0.0	0.0009363295880149813	0.009363295880149813
HPV_160823_run03	KHCA-328	0.8770226537216829	0.006472491909385114	0.05501618122977346	0.0	0.003236245954692557	0.05825242718446602
HPV_160823_run03	KHCA-330	0.43681747269890797	0.0078003120124804995	0.0187207488299532	0.0	0.5241809672386896	0.0124804992199688
HPV_160823_run03	KHCA-332	0.36363636363636365	0.0	0.577922077922078	0.0	0.01948051948051948	0.03896103896103896
HPV_160823_run03	H2O	0.9384920634920635	0.0	0.05555555555555555	0.0	0.005952380952380952	0.0
HPV_160823_run03	Undetermined	0.017439169276820293	0.0001851537547638518	0.9816890651278333	0.0	0.0003780222493095308	0.0003085895912730864
HPV_160823_run03	KHCA-255	0.9251336898395722	0.0106951871657754	0.0053475935828877	0.0	0.0	0.058823529411764705
HPV_160823_run03	KHCA-237	0.9304347826086956	0.004347826086956522	0.0	0.0	0.05478260869565217	0.010434782608695653
HPV_160823_run03	HPV019	0.994860758618836	3.839552768893479e-05	2.1117540228914135e-05	0.0	0.005050931667479372	2.8796645766701096e-05
