ID	cambodia_id	gene	chrom	pos	ref	alt	lineage_count	lineages
HPV16_PV051151:E6:T350G	HPV16_PV051151	E6	HPV16REF|lcl|Human	350	T	G	6	A2/AF536179.1,B4/KU053914.1,D1/HQ644257.1,D2/AY686579.1,D3/AF402678.1,D4/KU053933.1
HPV16_PV051151:E7:C790T	HPV16_PV051151	E7	HPV16REF|lcl|Human	790	C	T	0	
HPV16_PV051152:E7:G666A	HPV16_PV051152	E7	HPV16REF|lcl|Human	666	G	A	1	A3/HQ644236.1
HPV16_PV051154:E6:T178G	HPV16_PV051154	E6	HPV16REF|lcl|Human	178	T	G	1	A4/AF534061.1
HPV16_PV051154:E7:A647G	HPV16_PV051154	E7	HPV16REF|lcl|Human	647	A	G	3	A4/AF534061.1,B2/HQ644298.1,C1/AF472509.1
HPV16_PV051154:E7:T846C	HPV16_PV051154	E7	HPV16REF|lcl|Human	846	T	C	1	A4/AF534061.1
HPV16_PV051155:E6:T178G	HPV16_PV051155	E6	HPV16REF|lcl|Human	178	T	G	1	A4/AF534061.1
HPV16_PV051155:E7:A647G	HPV16_PV051155	E7	HPV16REF|lcl|Human	647	A	G	3	A4/AF534061.1,B2/HQ644298.1,C1/AF472509.1
HPV16_PV051155:E7:T846C	HPV16_PV051155	E7	HPV16REF|lcl|Human	846	T	C	1	A4/AF534061.1
HPV16_PV051156:E6:A276G	HPV16_PV051156	E6	HPV16REF|lcl|Human	276	A	G	1	A3/HQ644236.1
HPV16_PV051156:E7:G666A	HPV16_PV051156	E7	HPV16REF|lcl|Human	666	G	A	1	A3/HQ644236.1
HPV16_PV051158:E6:T109C	HPV16_PV051158	E6	HPV16REF|lcl|Human	109	T	C	1	C1/AF472509.1
HPV16_PV051158:E6:G132T	HPV16_PV051158	E6	HPV16REF|lcl|Human	132	G	T	1	C1/AF472509.1
HPV16_PV051158:E6:C143G	HPV16_PV051158	E6	HPV16REF|lcl|Human	143	C	G	8	B1/AF536180.1,B2/HQ644298.1,B3/KU053910.1,B4/KU053914.1,C1/AF472509.1,C2/HQ644244.1,C3/KU053921.1,C4/KU053922.1
HPV16_PV051158:E6:G145T	HPV16_PV051158	E6	HPV16REF|lcl|Human	145	G	T	12	B1/AF536180.1,B2/HQ644298.1,B3/KU053910.1,B4/KU053914.1,C1/AF472509.1,C2/HQ644244.1,C3/KU053921.1,C4/KU053922.1,D1/HQ644257.1,D2/AY686579.1,D3/AF402678.1,D4/KU053933.1
HPV16_PV051158:E6:T286A	HPV16_PV051158	E6	HPV16REF|lcl|Human	286	T	A	12	B1/AF536180.1,B2/HQ644298.1,B3/KU053910.1,B4/KU053914.1,C1/AF472509.1,C2/HQ644244.1,C3/KU053921.1,C4/KU053922.1,D1/HQ644257.1,D2/AY686579.1,D3/AF402678.1,D4/KU053933.1
HPV16_PV051158:E6:A289G	HPV16_PV051158	E6	HPV16REF|lcl|Human	289	A	G	12	B1/AF536180.1,B2/HQ644298.1,B3/KU053910.1,B4/KU053914.1,C1/AF472509.1,C2/HQ644244.1,C3/KU053921.1,C4/KU053922.1,D1/HQ644257.1,D2/AY686579.1,D3/AF402678.1,D4/KU053933.1
HPV16_PV051158:E6:C335T	HPV16_PV051158	E6	HPV16REF|lcl|Human	335	C	T	12	B1/AF536180.1,B2/HQ644298.1,B3/KU053910.1,B4/KU053914.1,C1/AF472509.1,C2/HQ644244.1,C3/KU053921.1,C4/KU053922.1,D1/HQ644257.1,D2/AY686579.1,D3/AF402678.1,D4/KU053933.1
HPV16_PV051158:E6:A403G	HPV16_PV051158	E6	HPV16REF|lcl|Human	403	A	G	1	C1/AF472509.1
HPV16_PV051158:E7:A647G	HPV16_PV051158	E7	HPV16REF|lcl|Human	647	A	G	3	A4/AF534061.1,B2/HQ644298.1,C1/AF472509.1
HPV16_PV051158:E7:T789C	HPV16_PV051158	E7	HPV16REF|lcl|Human	789	T	C	12	B1/AF536180.1,B2/HQ644298.1,B3/KU053910.1,B4/KU053914.1,C1/AF472509.1,C2/HQ644244.1,C3/KU053921.1,C4/KU053922.1,D1/HQ644257.1,D2/AY686579.1,D3/AF402678.1,D4/KU053933.1
HPV16_PV051158:E7:T795G	HPV16_PV051158	E7	HPV16REF|lcl|Human	795	T	G	12	B1/AF536180.1,B2/HQ644298.1,B3/KU053910.1,B4/KU053914.1,C1/AF472509.1,C2/HQ644244.1,C3/KU053921.1,C4/KU053922.1,D1/HQ644257.1,D2/AY686579.1,D3/AF402678.1,D4/KU053933.1
HPV16_PV051159:E6:T178G	HPV16_PV051159	E6	HPV16REF|lcl|Human	178	T	G	1	A4/AF534061.1
HPV16_PV051159:E7:A647G	HPV16_PV051159	E7	HPV16REF|lcl|Human	647	A	G	3	A4/AF534061.1,B2/HQ644298.1,C1/AF472509.1
HPV16_PV051159:E7:T846C	HPV16_PV051159	E7	HPV16REF|lcl|Human	846	T	C	1	A4/AF534061.1
HPV16_PV051164:E6:T350G	HPV16_PV051164	E6	HPV16REF|lcl|Human	350	T	G	6	A2/AF536179.1,B4/KU053914.1,D1/HQ644257.1,D2/AY686579.1,D3/AF402678.1,D4/KU053933.1
HPV16_PV051165:E6:T350G	HPV16_PV051165	E6	HPV16REF|lcl|Human	350	T	G	6	A2/AF536179.1,B4/KU053914.1,D1/HQ644257.1,D2/AY686579.1,D3/AF402678.1,D4/KU053933.1
