run_id	sample	strain	avg_cov_depth	avg_cov_breadth	E7_avg_cov_depth	E7_cov_breadth	E6_avg_cov_depth	E6_cov_breadth
HPV_150123_run01	KHCA-037	HPV39	1.3342269883824844	0.26260691944338055	0.0	0.0	0.36058700209643607	0.36058700209643607
HPV_150123_run01	KHCA-064	HPV58	0.037960122699386506	0.037960122699386506	0.0	0.0	0.0	0.0
HPV_150123_run01	KHCA-064	HPV31	1.141304347826087	0.42795753286147625	0.15488215488215487	0.13804713804713806	1.2266666666666666	0.6533333333333333
HPV_150123_run01	KHCA-064	HPV16	104.46610169491525	1.0	124.85858585858585	1.0	106.51973684210526	1.0
HPV_150123_run01	KHCA-064	HPV33	26.885826273865217	0.7941585535465925	2.54421768707483	0.6360544217687075	0.36666666666666664	0.36666666666666664
HPV_150123_run01	KHCA-078	HPV18	0.03830978745068092	0.03830978745068092	0.0	0.0	0.0	0.0
HPV_150123_run01	KHCA-025	HPV86	0.07503444820243016	0.0712764624827759	0.0	0.0	0.0	0.0
HPV_150123_run01	KHCA-136	HPV71	62.233793704118455	1.0	54.62105263157895	1.0	52.40939597315436	1.0
HPV_150123_run01	KHCA-136	HPV74	0.02079371117028021	0.010396855585140105	0.0	0.0	0.0	0.0
HPV_150123_run01	KHCA-123	HPV33	32.451258060437475	0.7277784802124162	4.860544217687075	0.7993197278911565	0.3466666666666667	0.3466666666666667
HPV_150123_run01	KHCA-029	HPV90	0.49470932403834184	0.2844516369973858	0.0	0.0	0.6711409395973155	0.6711409395973155
HPV_150123_run01	KHCA-029	HPV51	0.6853227459016393	0.2152920081967213	0.0	0.0	0.0	0.0
HPV_150123_run01	KHCA-075	HPV18	425.25544100801835	1.0	441.8836477987421	1.0	316.57023060796644	1.0
HPV_150123_run01	KHCA-075	HPV45	0.08679053194196996	0.08170017816238229	0.0	0.0	0.0	0.0
HPV_150123_run01	KHCA-105	HPV66	0.6694785276073619	0.2898773006134969	0.0	0.0	0.0	0.0
HPV_150123_run01	HVP-110	HPV16	0.10194788768024285	0.050973943840121425	0.0	0.0	0.0	0.0
HPV_150123_run01	HVP-110	HPV30	0.09984717269485481	0.049923586347427405	0.0	0.0	0.2554112554112554	0.1277056277056277
HPV_150123_run01	HVP-110	HPV34	0.3502524925547067	0.18943415771073416	0.0	0.0	2.494407158836689	0.9753914988814317
HPV_150123_run01	KHCA-103	HPV58	11.864775051124745	0.6368865030674846	0.6734006734006734	0.31986531986531985	0.0	0.0
HPV_150123_run01	Undetermined	HPV71	1.0060968022894115	0.38683588403633196	0.0	0.0	1.0604026845637584	0.5682326621923938
HPV_150123_run01	Undetermined	HPV90	0.036101083032490974	0.036101083032490974	0.0	0.0	0.0	0.0
HPV_150123_run01	Undetermined	HPV58	0.974821063394683	0.3907208588957055	0.0	0.0	0.0	0.0
HPV_150123_run01	Undetermined	HPV16	0.4380217556286365	0.20731090311156083	2.0505050505050506	0.9259259259259259	0.0	0.0
HPV_150123_run01	Undetermined	HPV33	0.055379946895941334	0.027689973447970667	0.0	0.0	0.0	0.0
HPV_150123_run01	Undetermined	HPV18	2.0582919689448897	0.7239404352806414	0.7672955974842768	0.4088050314465409	1.2117400419287212	0.8511530398322851
HPV_150123_run01	KHCA-098	HPV90	0.3020042325407693	0.1909622805925557	0.0	0.0	0.9977628635346756	0.4988814317673378
HPV_150123_run01	KHCA-098	HPV68	8.099079519304526	0.5868064433648683	0.0	0.0	0.0	0.0
HPV_150123_run01	KHCA-135	HPV58	141.17944785276075	0.8921267893660532	9.117845117845118	1.0	0.4222222222222222	0.4222222222222222
HPV_250523_run02	KHCA187	HPV71	0.01878810501430882	0.01878810501430882	0.0	0.0	0.0	0.0
HPV_250523_run02	KHCA187	HPV68	0.07683456916389671	0.043722833035029406	0.0	0.0	0.0	0.0
HPV_250523_run02	HPV019	HPV43	0.020564263322884014	0.010282131661442007	0.0	0.0	0.0	0.0
HPV_250523_run02	HPV019	HPV90	98.22967757998258	1.0	111.34680134680134	1.0	79.39821029082773	1.0
HPV_250523_run02	HPV019	HPV103	0.020790307035660194	0.020790307035660194	0.0	0.0	NA	NA
HPV_250523_run02	HPV019	HPV106	0.21144990665836963	0.020410703173615433	0.0	0.0	2.530201342281879	0.27069351230425054
HPV_250523_run02	HPV019	HPV158	0.041156840934371525	0.020578420467185762	0.0	0.0	0.0	0.0
HPV_250523_run02	HPV019	HPV215	0.04202616198163095	0.021430559421096576	0.0	0.0	0.0	0.0
HPV_250523_run02	KHCA168	HPV33	0.30585409027689975	0.186117081805538	0.0	0.0	0.0	0.0
HPV_250523_run02	KHCA168	HPV6	0.056153076538269134	0.05077538769384692	0.0	0.0	0.2671081677704194	0.2671081677704194
HPV_250523_run02	KHCA151	HPV68	0.18742009716185118	0.09371004858092559	0.0	0.0	0.0	0.0
HPV_250523_run02	KHCA151	HPV53	25.182211477287186	0.9984730881791577	22.235849056603772	1.0	18.780645161290323	1.0
HPV_250523_run02	KHCA151	HPV56	5.125175270873168	0.7324410452517527	13.61320754716981	1.0	5.019230769230769	0.8782051282051282
HPV_250523_run02	KHCA146	HPV51	0.038550204918032786	0.02817622950819672	0.0	0.0	0.0	0.0
HPV_250523_run02	KHCA116	HPV90	0.07518984190215362	0.03361135316818125	0.0	0.0	0.0	0.0
HPV_250523_run02	KHCA116	HPV31	0.09428715874620829	0.05472699696663296	0.0	0.0	0.0	0.0
HPV_250523_run02	KHCA148	HPV70	0.10993042378241619	0.062492093611638204	0.0	0.0	0.0	0.0
HPV_250523_run02	Ex	HPV90	0.018672973982322916	0.018672973982322916	0.0	0.0	0.0	0.0
HPV_250523_run02	KHCA152	HPV16	1.4228434100683025	0.61409056412851	1.569023569023569	0.7272727272727273	2.192982456140351	0.8486842105263158
HPV_250523_run02	KHCA166	HPV30	0.06380539989811514	0.0347682119205298	0.9465408805031447	0.5440251572327044	0.0	0.0
HPV_250523_run02	KHCA166	HPV53	0.37740170505153325	0.26580989947830513	0.4748427672955975	0.4748427672955975	0.0	0.0
HPV_250523_run02	KHCA166	HPV56	0.24894837476099427	0.17794773741236455	1.3742138364779874	0.6163522012578616	0.3482905982905983	0.33760683760683763
HPV_250523_run02	KHCA186	HPV68	0.03119406801329583	0.015597034006647916	0.0	0.0	0.0	0.0
HPV_250523_run02	KHCA186	HPV16	0.06830255502150266	0.05325069567417152	0.8013468013468014	0.4006734006734007	0.0	0.0
HPV_250523_run02	KHCA186	HPV70	6.032764073371284	0.6279569892473118	0.08787878787878788	0.06363636363636363	0.40461215932914046	0.40461215932914046
HPV_250523_run02	KHCA186	HPV30	0.5561640346408558	0.34704533876719307	1.3459119496855345	0.9371069182389937	0.2748917748917749	0.2554112554112554
HPV_250523_run02	KHCA169	HPV66	0.01929959100204499	0.01929959100204499	0.0	0.0	0.0	0.0
HPV_250523_run02	KHCA169	HPV53	0.01921364041226619	0.01921364041226619	0.0	0.0	0.0	0.0
HPV_250523_run02	KHCA169	HPV56	5.67151051625239	0.7702995538559592	14.682389937106919	1.0	4.331196581196581	0.8739316239316239
HPV_250523_run02	KHCA204	HPV90	0.018672973982322916	0.018672973982322916	0.0	0.0	0.0	0.0
HPV_250523_run02	KHCA182	HPV33	0.014666835250979896	0.007333417625489948	0.0	0.0	0.0	0.0
HPV_250523_run02	KHCA182	HPV52	1.8827751196172249	0.4622261395114581	0.0	0.0	0.19239373601789708	0.19239373601789708
HPV_250523_run02	KHCA164	HPV81	0.010656753407682776	0.005328376703841388	0.0	0.0	0.0	0.0
HPV_250523_run02	KHCA164	HPV68	1.9053950396318078	0.4212477627205318	0.0	0.0	0.0	0.0
HPV_250523_run02	KHCA223	HPV66	2.4351993865030677	0.6738241308793456	2.1855345911949686	1.0	2.123931623931624	0.7115384615384616
HPV_250523_run02	KHCA213	HPV90	0.018672973982322916	0.018672973982322916	0.0	0.0	0.0	0.0
HPV_250523_run02	KHCA213	HPV18	5.364006618302151	0.9618174875906834	6.710691823899371	0.8427672955974843	4.6918238993710695	1.0
HPV_250523_run02	KHCA181	HPV58	1.699642126789366	0.4694529652351738	0.0	0.0	0.0	0.0
HPV_250523_run02	Undetermined	HPV71	0.16809754883663058	0.12118949856911783	0.0	0.0	0.6711409395973155	0.6442953020134228
HPV_250523_run02	Undetermined	HPV90	1.286069961409187	0.4788995393999751	0.6801346801346801	0.3400673400673401	1.6890380313199105	0.8478747203579419
HPV_250523_run02	Undetermined	HPV16	0.07285605868960283	0.0650139134834303	0.0	0.0	0.0	0.0
HPV_250523_run02	Undetermined	HPV70	0.03820366856419987	0.03820366856419987	0.0	0.0	0.0	0.0
HPV_250523_run02	Undetermined	HPV66	0.0217280163599182	0.0108640081799591	0.0	0.0	0.0	0.0
HPV_250523_run02	Undetermined	HPV18	0.03792796232658776	0.01896398116329388	0.0	0.0	0.0	0.0
HPV_250523_run02	Undetermined	HPV52	0.03789977335683707	0.03789977335683707	0.0	0.0	0.0	0.0
HPV_250523_run02	Undetermined	HPV53	0.05764092123679857	0.05764092123679857	0.0	0.0	0.0	0.0
HPV_250523_run02	Undetermined	HPV56	0.06449968132568515	0.033779477374123644	0.4025157232704403	0.20125786163522014	0.0	0.0
HPV_250523_run02	KHCA149	HPV16	5.186061219327093	0.9504174045029092	5.821548821548822	1.0	6.815789473684211	1.0
HPV_250523_run02	KHCA149	HPV53	0.03830003817279552	0.03830003817279552	0.0	0.0	0.0	0.0
HPV_250523_run02	KHCA179	HPV71	8.75886524822695	0.9746173945502054	8.764912280701754	1.0	8.40268456375839	0.9977628635346756
HPV_160823_run03	KHCA-328	HPV90	0.018672973982322916	0.018672973982322916	0.0	0.0	0.0	0.0
HPV_160823_run03	KHCA-323	HPV90	0.01854848748910743	0.01854848748910743	0.0	0.0	0.0	0.0
HPV_160823_run03	KHCA-235	HPV51	0.4718237704918033	0.2338627049180328	0.0	0.0	0.0	0.0
HPV_160823_run03	KHCA-229	HPV18	0.34631538755250096	0.22069492172584956	0.0	0.0	1.0545073375262055	0.6582809224318659
HPV_160823_run03	KHCA-332	HPV90	0.018797460475538406	0.018797460475538406	0.0	0.0	0.0	0.0
HPV_160823_run03	KHCA-332	HPV16	0.06349607892739692	0.03883126739185429	0.0	0.0	0.44298245614035087	0.22149122807017543
HPV_160823_run03	KHCA-305	HPV58	0.07285276073619631	0.05572597137014315	0.0	0.0	0.0	0.0
HPV_160823_run03	KHCA-237	HPV18	1.8359424716813033	0.7146493572610411	1.0566037735849056	0.6257861635220126	2.3291404612159328	0.9266247379454927
HPV_160823_run03	KHCA-298	HPV91	3.606326889279438	0.7019834295756967	7.488215488215488	0.9730639730639731	3.675213675213675	0.9017094017094017
HPV_160823_run03	KHCA-298	HPV16	21.92006071338224	1.0	21.117845117845118	1.0	20.29605263157895	1.0
HPV_160823_run03	KHCA-322	HPV68	0.12835591920225006	0.07261569930963947	0.0	0.0	0.0	0.0
HPV_160823_run03	KHCA-289	HPV66	0.0570040899795501	0.04102760736196319	0.9276729559748428	0.5345911949685535	0.0	0.0
HPV_160823_run03	KHCA-289	HPV30	0.02674477840040754	0.0057310239429444725	0.0	0.0	0.0	0.0
HPV_160823_run03	KHCA-289	HPV56	223.18929254302103	0.9975780752071383	624.3962264150944	1.0	168.1517094017094	1.0
HPV_160823_run03	KHCA-236	HPV82	0.038246505717916136	0.038246505717916136	0.0	0.0	0.0	0.0
HPV_160823_run03	HPV019	HPV43	0.03774294670846395	0.03749216300940439	0.0	0.0	0.0	0.0
HPV_160823_run03	HPV019	HPV81	0.037298636926889714	0.037298636926889714	0.0	0.0	0.0	0.0
HPV_160823_run03	HPV019	HPV90	80.04618448898295	1.0	95.02356902356902	1.0	65.99328859060402	1.0
HPV_160823_run03	HPV019	HPV103	0.12226352746798844	0.08990775161778879	0.0	0.0	NA	NA
HPV_160823_run03	HPV019	HPV106	0.2570006222775358	0.04492843808338519	0.0	0.0	3.1230425055928412	0.27069351230425054
HPV_160823_run03	HPV019	HPV158	0.08314794215795328	0.06256952169076752	0.0	0.0	0.35697399527186763	0.35697399527186763
HPV_160823_run03	KHCA-330	HPV39	11.394484871696667	0.6779011872845653	0.0	0.0	4.0419287211740045	0.6792452830188679
HPV_160823_run03	KHCA-256	HPV33	0.6416740422303705	0.25717536983183714	0.0	0.0	0.16444444444444445	0.16444444444444445
HPV_160823_run03	KHCA-263	HPV52	25.794258373205743	0.904558045832284	0.02666666666666667	0.02666666666666667	1.425055928411633	0.6241610738255033
HPV_160823_run03	H2O	HPV90	0.03734594796464583	0.03597659653927549	0.0	0.0	0.0	0.0
HPV_160823_run03	KHCA-285	HPV31	0.09289686552072801	0.07520222446916076	0.0	0.0	0.0	0.0
HPV_160823_run03	KHCA-268	HPV58	0.11554192229038855	0.09930981595092024	0.0	0.0	0.0	0.0
HPV_160823_run03	Undetermined	HPV91	0.037911122269646	0.021968365553602813	0.0	0.0	0.2222222222222222	0.13675213675213677
HPV_160823_run03	Undetermined	HPV90	0.8180007469189593	0.2583094734221337	0.6296296296296297	0.5757575757575758	0.33557046979865773	0.33557046979865773
HPV_160823_run03	Undetermined	HPV16	0.1358461927649886	0.09132304578800911	0.0	0.0	0.0	0.0
HPV_160823_run03	Undetermined	HPV39	0.11553683135452572	0.10085535554704456	0.0	0.0	0.0	0.0
HPV_160823_run03	Undetermined	HPV52	0.28544447242508186	0.2020901536136993	0.0	0.0	0.0	0.0
HPV_160823_run03	Undetermined	HPV56	1.0002549394518803	0.33855959209687697	3.7264150943396226	0.9811320754716981	0.6688034188034188	0.3974358974358974
HPV_160823_run03	KHCA-306	HPV16	31.163420187199595	0.9996205413609917	33.09090909090909	1.0	34.19078947368421	1.0
HPV_160823_run03	KHCA-233	HPV66	0.09176891615541923	0.07016871165644172	0.0	0.0	0.0	0.0
