lineage	gene	chrom	pos	ref	alt
HPV16_PV051151	E6	HPV16REF|lcl|Human	350	T	G
HPV16_PV051151	E7	HPV16REF|lcl|Human	790	C	T
HPV16_PV051152	E7	HPV16REF|lcl|Human	666	G	A
HPV16_PV051154	E6	HPV16REF|lcl|Human	178	T	G
HPV16_PV051154	E7	HPV16REF|lcl|Human	647	A	G
HPV16_PV051154	E7	HPV16REF|lcl|Human	846	T	C
HPV16_PV051155	E6	HPV16REF|lcl|Human	178	T	G
HPV16_PV051155	E7	HPV16REF|lcl|Human	647	A	G
HPV16_PV051155	E7	HPV16REF|lcl|Human	846	T	C
HPV16_PV051156	E6	HPV16REF|lcl|Human	276	A	G
HPV16_PV051156	E7	HPV16REF|lcl|Human	666	G	A
HPV16_PV051158	E6	HPV16REF|lcl|Human	109	T	C
HPV16_PV051158	E6	HPV16REF|lcl|Human	132	G	T
HPV16_PV051158	E6	HPV16REF|lcl|Human	143	C	G
HPV16_PV051158	E6	HPV16REF|lcl|Human	145	G	T
HPV16_PV051158	E6	HPV16REF|lcl|Human	286	T	A
HPV16_PV051158	E6	HPV16REF|lcl|Human	289	A	G
HPV16_PV051158	E6	HPV16REF|lcl|Human	335	C	T
HPV16_PV051158	E6	HPV16REF|lcl|Human	403	A	G
HPV16_PV051158	E7	HPV16REF|lcl|Human	647	A	G
HPV16_PV051158	E7	HPV16REF|lcl|Human	789	T	C
HPV16_PV051158	E7	HPV16REF|lcl|Human	795	T	G
HPV16_PV051159	E6	HPV16REF|lcl|Human	178	T	G
HPV16_PV051159	E7	HPV16REF|lcl|Human	647	A	G
HPV16_PV051159	E7	HPV16REF|lcl|Human	846	T	C
HPV16_PV051164	E6	HPV16REF|lcl|Human	350	T	G
HPV16_PV051165	E6	HPV16REF|lcl|Human	350	T	G
