Run ID	Sample ID	Homo sapiens (9606)	Bacteria (2)	Archaea (2157)	Phi X-174 (Spike) (10847)	Lentivirus (HIV) (11646)	Papillomaviridae (151340)	Other viruses (10239)
HPV_150123_run01	KHCA-056	0.9995729600192764	0.00040556869677656383	4.771396432665457e-06	1.1928491081663643e-06	0.0	0.0	1.5507038406162737e-05
HPV_150123_run01	KHCA-073	0.9994838261126049	0.0004740372435260997	9.217390846340828e-06	0.0	0.0	0.0	3.291925302264581e-05
HPV_150123_run01	KHCA-075	0.9886240296764444	0.0003397303390433843	1.249008599424207e-06	1.249008599424207e-06	0.0	0.010993773692131871	3.9968275181574624e-05
HPV_150123_run01	KHCA-078	0.9995558202574907	0.0004118960018257012	4.45292974946704e-06	5.5661621868338e-06	0.0	2.22646487473352e-06	2.003818387260168e-05
HPV_150123_run01	KHCA-082	0.9997135440313716	0.00024058556842319095	8.425175547893847e-06	1.8722612328652992e-06	0.0	0.0	3.557296342444069e-05
HPV_150123_run01	KHCA-092	0.9968891521602048	0.0030395098057949413	1.1465041178606233e-05	3.821680392868744e-06	0.0	0.0	5.6051312428741585e-05
HPV_150123_run01	KHCA-098	0.9996428638308004	0.00013375886486876917	4.012765946063075e-06	0.0	0.0	0.00018993758811365223	2.942695027112922e-05
HPV_150123_run01	KHCA-100	0.9990594901446573	0.0008952221467427079	7.372417679057594e-06	0.0	0.0	0.0	3.791529092086763e-05
HPV_150123_run01	KHCA-103	0.9994125253174795	0.0002927449853776361	5.9541352958163264e-06	9.923558826360545e-07	0.0	0.00019946353240984696	8.831967355460885e-05
HPV_150123_run01	KHCA-105	0.999053999722957	0.0008941954999667774	7.883335642024486e-06	4.504763224013992e-06	0.0	1.3514289672041975e-05	2.5902388538080453e-05
HPV_150123_run01	KHCA-117	0.9942703280849687	0.005693604954854116	7.462129691814044e-06	1.2436882819690074e-06	0.0	0.0	2.736114220331816e-05
HPV_150123_run01	KHCA-123	0.998478521361515	0.0008863091698650378	1.3514244013189903e-05	1.1261870010991584e-06	0.0	0.0005935005495792565	2.7028488026379805e-05
HPV_150123_run01	KHCA-133	0.999547365093216	0.0004223037016902647	4.666339245196295e-06	1.1665848112990738e-06	0.0	0.0	2.449828103728055e-05
HPV_150123_run01	KHCA-135	0.9209585431147429	0.0750348433615562	0.000511831820718594	1.4922210516577083e-06	0.0	0.003448522850380964	4.476663154973125e-05
HPV_150123_run01	KHCA-136	0.9978211951672944	0.0006834173504502644	1.0987417209811324e-05	2.1974834419622647e-06	0.0	0.0014547340385790194	2.746854302452831e-05
HPV_150123_run01	HVP-110	0.9974995887145311	0.0024462544411166937	1.4305581526998208e-05	3.0654817557853305e-06	0.0	1.2261927023141322e-05	2.4523854046282644e-05
HPV_150123_run01	Undetermined	0.3246920875839761	0.1113927593928838	0.0014376157695391335	0.4837317878963811	0.0	0.00019006939260733736	0.07855567996461253
HPV_150123_run01	KHCA-025	0.9954706676549698	0.0044602448040899825	2.3419505403465383e-05	0.0	0.0	1.1709752701732692e-06	4.449706026658423e-05
HPV_150123_run01	KHCA-029	0.9997256946274478	0.00018806088860566628	5.989200274065804e-06	1.197840054813161e-06	0.0	2.3956801096263218e-05	5.51006425214054e-05
HPV_150123_run01	KHCA-030	0.9985122935353711	0.0014574685283559271	1.0885657058260036e-05	1.2095174509177818e-06	0.0	0.0	1.8142761763766727e-05
HPV_150123_run01	KHCA-037	0.9996389463229369	0.000301086284332894	6.246603409396141e-06	1.2493206818792282e-06	0.0	2.873437568322225e-05	2.3737092955705335e-05
HPV_150123_run01	KHCA-064	0.9961747625888819	0.0002423592868712628	4.03932144785438e-06	0.0	0.0	0.0035263276239768737	5.2511178822106935e-05
HPV_250523_run02	KHCA116	0.9995245501905196	0.0004007362679906812	1.3584280270870549e-05	2.7168560541741097e-05	0.0	2.377249047402346e-05	1.0188210203152911e-05
HPV_250523_run02	KHCA146	0.9995965377822255	0.0003717703215142876	4.8756763477283615e-06	0.0	0.0	1.2189190869320904e-06	2.55973008255739e-05
HPV_250523_run02	KHCA147	0.9997125982257593	0.0002698268456001166	5.169096659006066e-06	1.033819331801213e-06	0.0	0.0	1.1372012649813343e-05
HPV_250523_run02	KHCA148	0.99963889290119	0.00034110732102976635	2.222197531138543e-06	0.0	0.0	3.3332962967078142e-06	1.4444283952400529e-05
HPV_250523_run02	KHCA149	0.9996190506424553	0.00017233423317502015	7.936444948849612e-06	0.0	0.0	0.00019274223447206202	7.936444948849612e-06
HPV_250523_run02	KHCA151	0.9969316080544225	0.0023612290307044887	2.1278723617042554e-06	0.0	0.0	0.000677372701809188	2.766234070215532e-05
HPV_250523_run02	KHCA152	0.9999031020271056	4.880786782829392e-05	1.435525524361586e-06	0.0	0.0	3.2299324298135685e-05	1.4355255243615859e-05
HPV_250523_run02	KHCA162	0.9997158254238077	0.0002492986054778525	3.875107857168691e-06	3.875107857168691e-06	0.0	0.0	2.712575500018084e-05
HPV_250523_run02	KHCA164	0.9996333861402966	0.00026342783958822706	2.4279063556518625e-06	0.0	0.0	8.254881609216333e-05	1.820929766738897e-05
HPV_250523_run02	KHCA166	0.999676855148509	0.0002840196900997402	2.8981601030585734e-06	0.0	0.0	3.043068108211502e-05	5.796320206117147e-06
HPV_250523_run02	KHCA168	0.9997913244036042	0.00018304876876821906	3.6609753753643816e-06	0.0	0.0	1.0067682282252048e-05	1.189816996993424e-05
HPV_250523_run02	KHCA169	0.9987761858040549	0.0009586794191001895	4.493809777032138e-06	1.497936592344046e-06	0.0	0.00023966985477504737	1.94731757004726e-05
HPV_250523_run02	KHCA172	0.9997267020167784	0.0002545422392750637	2.6793919923690915e-06	0.0	0.0	0.0	1.6076351954214548e-05
HPV_250523_run02	KHCA179	0.9994076516679458	0.00027107466043157764	4.4621343280918125e-06	0.0	0.0	0.00030454066789226624	1.2270869402252486e-05
HPV_250523_run02	KHCA181	0.9995742356219369	0.00030655035220539397	1.3100442401939914e-06	1.3100442401939914e-06	0.0	6.288212352931159e-05	5.3711813847953643e-05
HPV_250523_run02	KHCA182	0.9994386837716724	0.00040177198915564995	5.822782451531159e-06	1.1645564903062318e-06	0.0	6.288605047653652e-05	8.967084975357985e-05
HPV_250523_run02	KHCA186	0.9988166473162454	0.0009664578522308271	2.1264199168995095e-06	1.0632099584497548e-06	0.0	0.00020732594189770218	6.3792597506985285e-06
HPV_250523_run02	KHCA191	0.9993888151658767	0.00027601895734597154	0.0	0.0	0.0	0.0	0.0003351658767772512
HPV_250523_run02	KHCA213	0.999441595303756	0.00020763784733981647	2.015901430483655e-06	0.0	0.0	0.0003346396374602867	1.4111310013385586e-05
HPV_250523_run02	KHCA223	0.9994738090413743	0.00038325550419303513	7.853596397398261e-06	7.853596397398261e-06	0.0	0.0001146625074020146	1.2565754235837217e-05
HPV_250523_run02	Ex	0.9921014425495392	0.007745009401953269	0.0001019834053519516	3.4376428770320766e-06	0.0	1.1458809590106923e-06	4.698111931943838e-05
HPV_250523_run02	Undetermined	0.4016944368082449	0.009470322448520228	5.9039610043375667e-05	0.588425653448559	0.0	0.00014944401292229465	0.00020110367171024835
HPV_250523_run02	HPV019	0.015398624239125056	0.9782055723264216	1.979512050279606e-05	1.979512050279606e-06	0.0	0.0063542336813975355	1.979512050279606e-05
HPV_250523_run02	KHCA187	0.9996144829304121	0.00035876075293028774	8.667539198946028e-06	0.0	0.0	1.5073981215558309e-06	1.658137933711414e-05
HPV_250523_run02	KHCA204	0.9995200944735486	0.00045226698827874725	0.0	0.0	0.0	2.5125943793263736e-06	2.5125943793263733e-05
HPV_160823_run03	KHCA-229	0.9996540433079307	0.00030015397509111814	5.847155358917886e-06	0.0	0.0	1.1694310717835772e-05	2.826125090143645e-05
HPV_160823_run03	KHCA-230	0.9951058649410194	0.004856617238015643	1.4230897607397997e-05	1.2937179643089088e-06	0.0	0.0	2.199320539325145e-05
HPV_160823_run03	KHCA-232	0.9996857629588758	0.0002919682744303835	6.185768526067447e-06	1.2371537052134894e-06	0.0	0.0	1.4845844462561873e-05
HPV_160823_run03	KHCA-233	0.9991392498221245	0.0008195782710115037	6.433110447500029e-06	1.2866220895000057e-06	0.0	3.859866268500017e-06	2.9592308058500134e-05
HPV_160823_run03	KHCA-235	0.9996633349993401	0.0002971795993478674	3.11726852462798e-06	0.0	0.0	1.4547253114930574e-05	2.182087967239586e-05
HPV_160823_run03	KHCA-236	0.9990267340644414	0.0009532123791940342	5.3476150305415666e-06	0.0	0.0	1.3369037576353916e-06	1.3369037576353916e-05
HPV_160823_run03	KHCA-256	0.9999126679602258	6.046064292056255e-05	1.1196415355659733e-06	0.0	0.0	2.127318917575349e-05	4.478566142263893e-06
HPV_160823_run03	KHCA-263	0.9981790633799407	0.0007790177181560941	6.91845220387295e-06	2.7673808815491797e-06	0.0	0.0010170124739693235	1.522059484852049e-05
HPV_160823_run03	KHCA-268	0.9991052330511776	0.0008691703818785209	4.451576859813168e-06	0.0	0.0	3.3386826448598753e-06	1.780630743925267e-05
HPV_160823_run03	KHCA-285	0.9996800337505141	0.00029152480508722636	1.0665541649532672e-05	0.0	0.0	3.5551805498442237e-06	1.4220722199376895e-05
HPV_160823_run03	KHCA-289	0.9917311447289184	0.0008360097812003869	5.018339750725378e-05	0.0	0.0	0.00737353783828172	9.12425409222796e-06
HPV_160823_run03	KHCA-298	0.9979535933313741	0.0011905196028169196	5.362700913589728e-06	0.0	0.0	0.0008473067443471769	3.2176205481538368e-06
HPV_160823_run03	KHCA-305	0.9992977276638703	0.0006687757937814246	8.085372290967138e-06	0.0	0.0	2.3101063688477537e-06	2.3101063688477534e-05
HPV_160823_run03	KHCA-306	0.9985645535199006	0.00023964864574061213	0.0	0.0	0.0	0.0011884616513258928	7.336183032875882e-06
HPV_160823_run03	KHCA-307	0.999532751787772	0.0004441291600604989	6.083961096719163e-06	0.0	0.0	0.0	1.7035091070813656e-05
HPV_160823_run03	KHCA-322	0.9996195443441535	0.00035758015755198456	6.019867972255633e-06	0.0	0.0	4.815894377804506e-06	1.2039735944511266e-05
HPV_160823_run03	KHCA-323	0.9984834263205055	0.0014455730390688123	7.100064042577664e-06	4.828043548952812e-05	0.0	1.4200128085155329e-06	1.4200128085155329e-05
HPV_160823_run03	KHCA-328	0.9996117417341197	0.00034051129467168933	2.512998484661914e-06	2.1360487119626268e-05	0.0	1.256499242330957e-06	2.2616986361957225e-05
HPV_160823_run03	KHCA-330	0.9992088050982082	0.0003456077574129778	6.1715670966603185e-06	1.4811761031984763e-05	0.0	0.00041472930889557337	9.87450735465651e-06
HPV_160823_run03	KHCA-332	0.9997177590065117	0.00010263308854119894	0.0	0.0001631133014315483	0.0	5.498201171849943e-06	1.0996402343699886e-05
HPV_160823_run03	H2O	0.9995182164833053	0.0004521500067392337	0.0	2.6765750927481067e-05	0.0	2.8677590279444e-06	0.0
HPV_160823_run03	Undetermined	0.4147594645235569	0.010206108765830644	0.00010835948258347066	0.574524234146782	0.0	0.00022123394360791927	0.00018059913763911778
HPV_160823_run03	KHCA-255	0.9997444031814287	0.0002364612278761818	2.7336558135974774e-06	1.3668279067987387e-06	0.0	0.0	1.5035106974786125e-05
HPV_160823_run03	KHCA-237	0.9985886609337665	0.0013131589572781528	6.136256809710995e-06	0.0	0.0	7.731683580235853e-05	1.4727016343306387e-05
HPV_160823_run03	HPV019	0.026393652514415483	0.9686027494556227	3.738212947300543e-05	2.0560171210152985e-05	0.0	0.0049176191321738645	2.8036597104754073e-05
