Accession	GenBank_RefSeq	Organism_Name	Species	Genotype	Isolate	GenBank_Title	Length	Nuc_Completeness	Geo_Location	Country	Host	Tissue_Specimen_Source	Submitters	Publications	Collection_Date	Release_Date	Molecule_type
NC_001357	RefSeq	human papillomavirus 18	Alphapapillomavirus 7			Human papillomavirus - 18, complete genome	7857	complete					Cole,S.T., Danos,O.	1		1987-09-19	dsDNA
PV943742	GenBank	human papillomavirus 18	Alphapapillomavirus 7		InDRE-251Yuc/Mexico/2022	Human papillomavirus 18 isolate InDRE-251Yuc/Mexico/2022, complete genome	7857	complete	Mexico	Mexico	Homo sapiens	cervix	Rangel-Medrano,D., Fragoso-Fonseca,D.E., Reja-Macouzet,I., Esteban-Valencia,Md.C., Andrade-Montiel,E., Wong-Arambula,C.E., Hernandez-Rivas,L., Castro-Escarpulli,G., Escobar-Escamilla,N., Landa-Flores,M.G., Del Mazo-Lopez,J.C., Serrano-Gutierrez,S., Rodriguez-Maldonado,A.P.		2022	2025-07-23	dsDNA
PV943743	GenBank	human papillomavirus 18	Alphapapillomavirus 7		InDRE-24Yuc/Mexico/2022	Human papillomavirus 18 isolate InDRE-24Yuc/Mexico/2022, complete genome	7824	complete	Mexico	Mexico	Homo sapiens	cervix	Rangel-Medrano,D., Fragoso-Fonseca,D.E., Reja-Macouzet,I., Esteban-Valencia,Md.C., Andrade-Montiel,E., Wong-Arambula,C.E., Hernandez-Rivas,L., Castro-Escarpulli,G., Escobar-Escamilla,N., Landa-Flores,M.G., Del Mazo-Lopez,J.C., Serrano-Gutierrez,S., Rodriguez-Maldonado,A.P.		2022	2025-07-23	dsDNA
PV943744	GenBank	human papillomavirus 18	Alphapapillomavirus 7		InDRE-59Oax/Mexico/2022	Human papillomavirus 18 isolate InDRE-59Oax/Mexico/2022, complete genome	7824	complete	Mexico	Mexico	Homo sapiens	cervix	Rangel-Medrano,D., Fragoso-Fonseca,D.E., Reja-Macouzet,I., Esteban-Valencia,Md.C., Andrade-Montiel,E., Wong-Arambula,C.E., Hernandez-Rivas,L., Castro-Escarpulli,G., Escobar-Escamilla,N., Landa-Flores,M.G., Del Mazo-Lopez,J.C., Serrano-Gutierrez,S., Rodriguez-Maldonado,A.P.		2022	2025-07-23	dsDNA
PV943745	GenBank	human papillomavirus 18	Alphapapillomavirus 7		InDRE-222Mex/Mexico/2022	Human papillomavirus 18 isolate InDRE-222Mex/Mexico/2022, complete genome	7824	complete	Mexico	Mexico	Homo sapiens	cervix	Rangel-Medrano,D., Fragoso-Fonseca,D.E., Reja-Macouzet,I., Esteban-Valencia,Md.C., Andrade-Montiel,E., Wong-Arambula,C.E., Hernandez-Rivas,L., Castro-Escarpulli,G., Escobar-Escamilla,N., Landa-Flores,M.G., Del Mazo-Lopez,J.C., Serrano-Gutierrez,S., Rodriguez-Maldonado,A.P.		2022	2025-07-23	dsDNA
PV943746	GenBank	human papillomavirus 18	Alphapapillomavirus 7		InDRE-231Chis/Mexico/2023	Human papillomavirus 18 isolate InDRE-231Chis/Mexico/2023, complete genome	7824	complete	Mexico	Mexico	Homo sapiens	cervix	Rangel-Medrano,D., Fragoso-Fonseca,D.E., Reja-Macouzet,I., Esteban-Valencia,Md.C., Andrade-Montiel,E., Wong-Arambula,C.E., Hernandez-Rivas,L., Castro-Escarpulli,G., Escobar-Escamilla,N., Landa-Flores,M.G., Del Mazo-Lopez,J.C., Serrano-Gutierrez,S., Rodriguez-Maldonado,A.P.		2023	2025-07-23	dsDNA
PV943747	GenBank	human papillomavirus 18	Alphapapillomavirus 7		InDRE-250Yuc/Mexico/2022	Human papillomavirus 18 isolate InDRE-250Yuc/Mexico/2022, complete genome	7824	complete	Mexico	Mexico	Homo sapiens	cervix	Rangel-Medrano,D., Fragoso-Fonseca,D.E., Reja-Macouzet,I., Esteban-Valencia,Md.C., Andrade-Montiel,E., Wong-Arambula,C.E., Hernandez-Rivas,L., Castro-Escarpulli,G., Escobar-Escamilla,N., Landa-Flores,M.G., Del Mazo-Lopez,J.C., Serrano-Gutierrez,S., Rodriguez-Maldonado,A.P.		2022	2025-07-23	dsDNA
PV943748	GenBank	human papillomavirus 18	Alphapapillomavirus 7		InDRE-257Chis/Mexico/2023	Human papillomavirus 18 isolate InDRE-257Chis/Mexico/2023, complete genome	7824	complete	Mexico	Mexico	Homo sapiens	cervix	Rangel-Medrano,D., Fragoso-Fonseca,D.E., Reja-Macouzet,I., Esteban-Valencia,Md.C., Andrade-Montiel,E., Wong-Arambula,C.E., Hernandez-Rivas,L., Castro-Escarpulli,G., Escobar-Escamilla,N., Landa-Flores,M.G., Del Mazo-Lopez,J.C., Serrano-Gutierrez,S., Rodriguez-Maldonado,A.P.		2023	2025-07-23	dsDNA
PV943749	GenBank	human papillomavirus 18	Alphapapillomavirus 7		InDRE-99Mex/Mexico/2022	Human papillomavirus 18 isolate InDRE-99Mex/Mexico/2022, complete genome	7844	complete	Mexico	Mexico	Homo sapiens	cervix	Rangel-Medrano,D., Fragoso-Fonseca,D.E., Reja-Macouzet,I., Esteban-Valencia,Md.C., Andrade-Montiel,E., Wong-Arambula,C.E., Hernandez-Rivas,L., Castro-Escarpulli,G., Escobar-Escamilla,N., Landa-Flores,M.G., Del Mazo-Lopez,J.C., Serrano-Gutierrez,S., Rodriguez-Maldonado,A.P.		2022	2025-07-23	dsDNA
PV943750	GenBank	human papillomavirus 18	Alphapapillomavirus 7		InDRE-102Mex/Mexico/2022	Human papillomavirus 18 isolate InDRE-102Mex/Mexico/2022, complete genome	7844	complete	Mexico	Mexico	Homo sapiens	cervix	Rangel-Medrano,D., Fragoso-Fonseca,D.E., Reja-Macouzet,I., Esteban-Valencia,Md.C., Andrade-Montiel,E., Wong-Arambula,C.E., Hernandez-Rivas,L., Castro-Escarpulli,G., Escobar-Escamilla,N., Landa-Flores,M.G., Del Mazo-Lopez,J.C., Serrano-Gutierrez,S., Rodriguez-Maldonado,A.P.		2022	2025-07-23	dsDNA
PV943751	GenBank	human papillomavirus 18	Alphapapillomavirus 7		InDRE-246Chis/Mexico/2023	Human papillomavirus 18 isolate InDRE-246Chis/Mexico/2023, complete genome	7844	complete	Mexico	Mexico	Homo sapiens	cervix	Rangel-Medrano,D., Fragoso-Fonseca,D.E., Reja-Macouzet,I., Esteban-Valencia,Md.C., Andrade-Montiel,E., Wong-Arambula,C.E., Hernandez-Rivas,L., Castro-Escarpulli,G., Escobar-Escamilla,N., Landa-Flores,M.G., Del Mazo-Lopez,J.C., Serrano-Gutierrez,S., Rodriguez-Maldonado,A.P.		2023	2025-07-23	dsDNA
PP922121	GenBank	human papillomavirus 18	Alphapapillomavirus 7		InDRE-23Chis/Mexico/2023	Human papillomavirus 18 isolate InDRE-23Chis/Mexico/2023, complete genome	7837	complete	Mexico	Mexico	Homo sapiens	cervix	Fragoso-Fonseca,D.E., Reja-Macouzet,I., Esteban-Valencia,Md.C., Corona-Valdespino,E., Andrade-Montiel,E., Rangel-Medrano,D., Wong-Arambula,C.E., Molina-Gomez,I.E., Hernandez-Rivas,L., Escobar-Escamilla,N., Landa-Flores,M.G., Del Mazo-Lopez,J.C., Serrano-Gutierrez,S., Rodriguez-Maldonado,A.P.		2022-09	2024-06-30	dsDNA
PP781981	GenBank	human papillomavirus 18	Alphapapillomavirus 7		InDRE-243Chis/Mexico/2023	Human papillomavirus 18 isolate InDRE-243Chis/Mexico/2023, complete genome	7836	complete	Mexico	Mexico	Homo sapiens	cervix	Fragoso-Fonseca,D.E., Reja-Macouzet,I., Esteban-Valencia,Md.C., Corona-Valdespino,E., Andrade-Montiel,E., Rangel-Medrano,D., Wong-Arambula,C.E., Molina-Gomez,I.E., Hernandez-Rivas,L., Escobar-Escamilla,N., Landa-Flores,M.G., Del Mazo-Lopez,J.C., Serrano-Gutierrez,S., Rodriguez-Maldonado,A.P.		2023	2024-05-22	dsDNA
PP781982	GenBank	human papillomavirus 18	Alphapapillomavirus 7		InDRE-49Yuc/Mexico/2023	Human papillomavirus 18 isolate InDRE-49Yuc/Mexico/2023, complete genome	7857	complete	Mexico	Mexico	Homo sapiens	cervix	Fragoso-Fonseca,D.E., Reja-Macouzet,I., Esteban-Valencia,Md.C., Corona-Valdespino,E., Andrade-Montiel,E., Rangel-Medrano,D., Wong-Arambula,C.E., Molina-Gomez,I.E., Hernandez-Rivas,L., Escobar-Escamilla,N., Landa-Flores,M.G., Del Mazo-Lopez,J.C., Serrano-Gutierrez,S., Rodriguez-Maldonado,A.P.		2023	2024-05-22	dsDNA
PP781983	GenBank	human papillomavirus 18	Alphapapillomavirus 7		InDRE-27NL/Mexico/2023	Human papillomavirus 18 isolate InDRE-27NL/Mexico/2023, complete genome	7857	complete	Mexico	Mexico	Homo sapiens	cervix	Fragoso-Fonseca,D.E., Reja-Macouzet,I., Esteban-Valencia,Md.C., Corona-Valdespino,E., Andrade-Montiel,E., Rangel-Medrano,D., Wong-Arambula,C.E., Molina-Gomez,I.E., Hernandez-Rivas,L., Escobar-Escamilla,N., Landa-Flores,M.G., Del Mazo-Lopez,J.C., Serrano-Gutierrez,S., Rodriguez-Maldonado,A.P.		2023	2024-05-22	dsDNA
PP781984	GenBank	human papillomavirus 18	Alphapapillomavirus 7		InDRE-121Mex/Mexico/2023	Human papillomavirus 18 isolate InDRE-121Mex/Mexico/2023, complete genome	7857	complete	Mexico	Mexico	Homo sapiens	cervix	Fragoso-Fonseca,D.E., Reja-Macouzet,I., Esteban-Valencia,Md.C., Corona-Valdespino,E., Andrade-Montiel,E., Rangel-Medrano,D., Wong-Arambula,C.E., Molina-Gomez,I.E., Hernandez-Rivas,L., Escobar-Escamilla,N., Landa-Flores,M.G., Del Mazo-Lopez,J.C., Serrano-Gutierrez,S., Rodriguez-Maldonado,A.P.		2023	2024-05-22	dsDNA
PP781985	GenBank	human papillomavirus 18	Alphapapillomavirus 7		InDRE-53Oax/Mexico/2023	Human papillomavirus 18 isolate InDRE-53Oax/Mexico/2023, complete genome	7857	complete	Mexico	Mexico	Homo sapiens	cervix	Fragoso-Fonseca,D.E., Reja-Macouzet,I., Esteban-Valencia,Md.C., Corona-Valdespino,E., Andrade-Montiel,E., Rangel-Medrano,D., Wong-Arambula,C.E., Molina-Gomez,I.E., Hernandez-Rivas,L., Escobar-Escamilla,N., Landa-Flores,M.G., Del Mazo-Lopez,J.C., Serrano-Gutierrez,S., Rodriguez-Maldonado,A.P.		2023	2024-05-22	dsDNA
PP781986	GenBank	human papillomavirus 18	Alphapapillomavirus 7		InDRE-41Tams/Mexico/2023	Human papillomavirus 18 isolate InDRE-41Tams/Mexico/2023, complete genome	7857	complete	Mexico	Mexico	Homo sapiens	cervix	Fragoso-Fonseca,D.E., Reja-Macouzet,I., Esteban-Valencia,Md.C., Corona-Valdespino,E., Andrade-Montiel,E., Rangel-Medrano,D., Wong-Arambula,C.E., Molina-Gomez,I.E., Hernandez-Rivas,L., Escobar-Escamilla,N., Landa-Flores,M.G., Del Mazo-Lopez,J.C., Serrano-Gutierrez,S., Rodriguez-Maldonado,A.P.		2023	2024-05-22	dsDNA
PP781987	GenBank	human papillomavirus 18	Alphapapillomavirus 7		InDRE-27Ags/Mexico/2023	Human papillomavirus 18 isolate InDRE-27Ags/Mexico/2023, complete genome	7836	complete	Mexico	Mexico	Homo sapiens	cervix	Fragoso-Fonseca,D.E., Reja-Macouzet,I., Esteban-Valencia,Md.C., Corona-Valdespino,E., Andrade-Montiel,E., Rangel-Medrano,D., Wong-Arambula,C.E., Molina-Gomez,I.E., Hernandez-Rivas,L., Escobar-Escamilla,N., Landa-Flores,M.G., Del Mazo-Lopez,J.C., Serrano-Gutierrez,S., Rodriguez-Maldonado,A.P.		2023	2024-05-22	dsDNA
PP266440	GenBank	human papillomavirus 18	Alphapapillomavirus 7		InDRE-390Jal/Mexico/2023	Human papillomavirus 18 isolate InDRE-390Jal/Mexico/2023, complete genome	7857	complete	Mexico	Mexico	Homo sapiens	cervix	Fragoso-Fonseca,D.E., Reja-Macouzet,I., Jimenez-Morales,M., Esteban-Valencia,Md.C., Corona-Valdespino,E., Andrade-Montiel,E., Rangel-Medrano,D., Munoz-Garcia,K.A., Wong-Arambula,C.E., Molina-Gomez,I.E., Hernandez-Rivas,L., Escobar-Escamilla,N., Landa-Flores,M.G., Del Mazo-Lopez,J.C., Serrano-Gutierrez,S., Rodriguez-Maldonado,A.P.			2024-02-26	dsDNA
PP266441	GenBank	human papillomavirus 18	Alphapapillomavirus 7		InDRE-382Jal/Mexico/2023	Human papillomavirus 18 isolate InDRE-382Jal/Mexico/2023, complete genome	7857	complete	Mexico	Mexico	Homo sapiens	cervix	Fragoso-Fonseca,D.E., Reja-Macouzet,I., Jimenez-Morales,M., Esteban-Valencia,Md.C., Corona-Valdespino,E., Andrade-Montiel,E., Rangel-Medrano,D., Munoz-Garcia,K.A., Wong-Arambula,C.E., Molina-Gomez,I.E., Hernandez-Rivas,L., Escobar-Escamilla,N., Landa-Flores,M.G., Del Mazo-Lopez,J.C., Serrano-Gutierrez,S., Rodriguez-Maldonado,A.P.			2024-02-26	dsDNA
PP266442	GenBank	human papillomavirus 18	Alphapapillomavirus 7		InDRE-370Jal/Mexico/2023	Human papillomavirus 18 isolate InDRE-370Jal/Mexico/2023, complete genome	7836	complete	Mexico	Mexico	Homo sapiens	cervix	Fragoso-Fonseca,D.E., Reja-Macouzet,I., Jimenez-Morales,M., Esteban-Valencia,Md.C., Corona-Valdespino,E., Andrade-Montiel,E., Rangel-Medrano,D., Munoz-Garcia,K.A., Wong-Arambula,C.E., Molina-Gomez,I.E., Hernandez-Rivas,L., Escobar-Escamilla,N., Landa-Flores,M.G., Del Mazo-Lopez,J.C., Serrano-Gutierrez,S., Rodriguez-Maldonado,A.P.			2024-02-26	dsDNA
PP266443	GenBank	human papillomavirus 18	Alphapapillomavirus 7		InDRE-343Jal/Mexico/2023	Human papillomavirus 18 isolate InDRE-343Jal/Mexico/2023, complete genome	7836	complete	Mexico	Mexico	Homo sapiens	cervix	Fragoso-Fonseca,D.E., Reja-Macouzet,I., Jimenez-Morales,M., Esteban-Valencia,Md.C., Corona-Valdespino,E., Andrade-Montiel,E., Rangel-Medrano,D., Munoz-Garcia,K.A., Wong-Arambula,C.E., Molina-Gomez,I.E., Hernandez-Rivas,L., Escobar-Escamilla,N., Landa-Flores,M.G., Del Mazo-Lopez,J.C., Serrano-Gutierrez,S., Rodriguez-Maldonado,A.P.			2024-02-26	dsDNA
PP266444	GenBank	human papillomavirus 18	Alphapapillomavirus 7		InDRE-359Jal/Mexico/2023	Human papillomavirus 18 isolate InDRE-359Jal/Mexico/2023, complete genome	7857	complete	Mexico	Mexico	Homo sapiens	cervix	Fragoso-Fonseca,D.E., Reja-Macouzet,I., Jimenez-Morales,M., Esteban-Valencia,Md.C., Corona-Valdespino,E., Andrade-Montiel,E., Rangel-Medrano,D., Munoz-Garcia,K.A., Wong-Arambula,C.E., Molina-Gomez,I.E., Hernandez-Rivas,L., Escobar-Escamilla,N., Landa-Flores,M.G., Del Mazo-Lopez,J.C., Serrano-Gutierrez,S., Rodriguez-Maldonado,A.P.			2024-02-26	dsDNA
PP266445	GenBank	human papillomavirus 18	Alphapapillomavirus 7		InDRE-100Mex/Mexico/2023	Human papillomavirus 18 isolate InDRE-100Mex/Mexico/2023, complete genome	7857	complete	Mexico	Mexico	Homo sapiens	cervix	Fragoso-Fonseca,D.E., Reja-Macouzet,I., Jimenez-Morales,M., Esteban-Valencia,Md.C., Corona-Valdespino,E., Andrade-Montiel,E., Rangel-Medrano,D., Munoz-Garcia,K.A., Wong-Arambula,C.E., Molina-Gomez,I.E., Hernandez-Rivas,L., Escobar-Escamilla,N., Landa-Flores,M.G., Del Mazo-Lopez,J.C., Serrano-Gutierrez,S., Rodriguez-Maldonado,A.P.			2024-02-26	dsDNA
PP266446	GenBank	human papillomavirus 18	Alphapapillomavirus 7		InDRE-111Mex/Mexico/2023	Human papillomavirus 18 isolate InDRE-111Mex/Mexico/2023, complete genome	7836	complete	Mexico	Mexico	Homo sapiens	cervix	Fragoso-Fonseca,D.E., Reja-Macouzet,I., Jimenez-Morales,M., Esteban-Valencia,Md.C., Corona-Valdespino,E., Andrade-Montiel,E., Rangel-Medrano,D., Munoz-Garcia,K.A., Wong-Arambula,C.E., Molina-Gomez,I.E., Hernandez-Rivas,L., Escobar-Escamilla,N., Landa-Flores,M.G., Del Mazo-Lopez,J.C., Serrano-Gutierrez,S., Rodriguez-Maldonado,A.P.			2024-02-26	dsDNA
PP266447	GenBank	human papillomavirus 18	Alphapapillomavirus 7		InDRE-3VerB/Mexico/2023	Human papillomavirus 18 isolate InDRE-3VerB/Mexico/2023, complete genome	7857	complete	Mexico	Mexico	Homo sapiens	cervix	Fragoso-Fonseca,D.E., Reja-Macouzet,I., Jimenez-Morales,M., Esteban-Valencia,Md.C., Corona-Valdespino,E., Andrade-Montiel,E., Rangel-Medrano,D., Munoz-Garcia,K.A., Wong-Arambula,C.E., Molina-Gomez,I.E., Hernandez-Rivas,L., Escobar-Escamilla,N., Landa-Flores,M.G., Del Mazo-Lopez,J.C., Serrano-Gutierrez,S., Rodriguez-Maldonado,A.P.			2024-02-26	dsDNA
PP266448	GenBank	human papillomavirus 18	Alphapapillomavirus 7		InDRE-25MorB/Mexico/2023	Human papillomavirus 18 isolate InDRE-25MorB/Mexico/2023, complete genome	7857	complete	Mexico	Mexico	Homo sapiens	cervix	Fragoso-Fonseca,D.E., Reja-Macouzet,I., Jimenez-Morales,M., Esteban-Valencia,Md.C., Corona-Valdespino,E., Andrade-Montiel,E., Rangel-Medrano,D., Munoz-Garcia,K.A., Wong-Arambula,C.E., Molina-Gomez,I.E., Hernandez-Rivas,L., Escobar-Escamilla,N., Landa-Flores,M.G., Del Mazo-Lopez,J.C., Serrano-Gutierrez,S., Rodriguez-Maldonado,A.P.			2024-02-26	dsDNA
OP711995	GenBank	human papillomavirus 18	Alphapapillomavirus 7		V521R485_HPV18	Human papillomavirus 18 isolate V521R485_HPV18, complete genome	7857	complete	Togo	Togo	Homo sapiens		Coppee,R., Ferre,V.M., Gbeasor-Komlanvi,F.A., Vacher,S., Bucau,M., Salou,M., Lameiras,S., Couvelard,A., Claver Dagnra,A., Bieche,I., Descamps,D., Ekouevi,D.K., Ghosn,J., Charpentier,C.		2017-08	2023-11-24	dsDNA
OP712011	GenBank	human papillomavirus 18	Alphapapillomavirus 7		V521R490_HPV18	Human papillomavirus 18 isolate V521R490_HPV18, complete genome	7831	complete	Togo	Togo	Homo sapiens		Coppee,R., Ferre,V.M., Gbeasor-Komlanvi,F.A., Vacher,S., Bucau,M., Salou,M., Lameiras,S., Couvelard,A., Claver Dagnra,A., Bieche,I., Descamps,D., Ekouevi,D.K., Ghosn,J., Charpentier,C.		2017-08	2023-11-24	dsDNA
OP712029	GenBank	human papillomavirus 18	Alphapapillomavirus 7		V521R502_HPV18	Human papillomavirus 18 isolate V521R502_HPV18, complete genome	7823	complete	Togo	Togo	Homo sapiens		Coppee,R., Ferre,V.M., Gbeasor-Komlanvi,F.A., Vacher,S., Bucau,M., Salou,M., Lameiras,S., Couvelard,A., Claver Dagnra,A., Bieche,I., Descamps,D., Ekouevi,D.K., Ghosn,J., Charpentier,C.		2017-08	2023-11-24	dsDNA
OP712070	GenBank	human papillomavirus 18	Alphapapillomavirus 7		V523E10_HPV18	Human papillomavirus 18 isolate V523E10_HPV18, complete genome	7844	complete	Togo	Togo	Homo sapiens		Coppee,R., Ferre,V.M., Gbeasor-Komlanvi,F.A., Vacher,S., Bucau,M., Salou,M., Lameiras,S., Couvelard,A., Claver Dagnra,A., Bieche,I., Descamps,D., Ekouevi,D.K., Ghosn,J., Charpentier,C.		2017-08	2023-11-24	dsDNA
OP712112	GenBank	human papillomavirus 18	Alphapapillomavirus 7		V523E22_HPV18	Human papillomavirus 18 isolate V523E22_HPV18, complete genome	7844	complete	Togo	Togo	Homo sapiens		Coppee,R., Ferre,V.M., Gbeasor-Komlanvi,F.A., Vacher,S., Bucau,M., Salou,M., Lameiras,S., Couvelard,A., Claver Dagnra,A., Bieche,I., Descamps,D., Ekouevi,D.K., Ghosn,J., Charpentier,C.		2017-08	2023-11-24	dsDNA
OP971042	GenBank	human papillomavirus 18	Alphapapillomavirus 7		UC008_LW_V3	Human papillomavirus 18 isolate UC008_LW_V3, complete genome	7824	complete	South Africa	South Africa	Homo sapiens	vagina	Happel,A.-U., Balle,C., Havyarimana,E., Brown,B., Maust,B., Konstantinus,I.N., Feng,C., Yi,B.H., Gill,K., Bekker,L.-G., Passmore,J.-A.S., Jaspan,H.B., Varsani,A.		2016-07-12	2023-01-14	dsDNA
OP971048	GenBank	human papillomavirus 18	Alphapapillomavirus 7		UC094_LW_V2	Human papillomavirus 18 isolate UC094_LW_V2, complete genome	7824	complete	South Africa	South Africa	Homo sapiens	vagina	Happel,A.-U., Balle,C., Havyarimana,E., Brown,B., Maust,B., Konstantinus,I.N., Feng,C., Yi,B.H., Gill,K., Bekker,L.-G., Passmore,J.-A.S., Jaspan,H.B., Varsani,A.		2017-02-02	2023-01-14	dsDNA
OP971083	GenBank	human papillomavirus 18	Alphapapillomavirus 7		UC094_LW_V3	Human papillomavirus 18 isolate UC094_LW_V3, complete genome	7824	complete	South Africa	South Africa	Homo sapiens	vagina	Happel,A.-U., Balle,C., Havyarimana,E., Brown,B., Maust,B., Konstantinus,I.N., Feng,C., Yi,B.H., Gill,K., Bekker,L.-G., Passmore,J.-A.S., Jaspan,H.B., Varsani,A.		2017-05-23	2023-01-14	dsDNA
ON322746	GenBank	human papillomavirus 18	Alphapapillomavirus 7		InDRE 341	Human papillomavirus 18 isolate InDRE 341, complete genome	7857	complete	Mexico: Laboratorio Estatal de Salud Publica (LESP) Jalisco	Mexico	Homo sapiens	cervix	Fragoso-Fonseca,D.E., Jimenez-Morales,M., Ruiz-Hernandez,U.E., Centeno-Cayetano,G.B., Andrade-Montiel,E., Corona-Valdespino,E., Gonzalez-Martinez,B.E., Esteban-Valencia,Md.C., Araiza-Rodriguez,A., Hernandez-Rivas,L., Ramirez-Gonzalez,J.E., Escobar-Escamilla,N., Salvador-Patino,A., Garces-Ayala,F.			2022-12-17	dsDNA
ON322747	GenBank	human papillomavirus 18	Alphapapillomavirus 7		InDRE 395	Human papillomavirus 18 isolate InDRE 395, complete genome	7857	complete	Mexico: Laboratorio Estatal de Salud Publica (LESP) Jalisco	Mexico	Homo sapiens	cervix	Fragoso-Fonseca,D.E., Jimenez-Morales,M., Ruiz-Hernandez,U.E., Centeno-Cayetano,G.B., Andrade-Montiel,E., Corona-Valdespino,E., Gonzalez-Martinez,B.E., Esteban-Valencia,Md.C., Araiza-Rodriguez,A., Hernandez-Rivas,L., Ramirez-Gonzalez,J.E., Escobar-Escamilla,N., Salvador-Patino,A., Garces-Ayala,F.			2022-12-17	dsDNA
ON322748	GenBank	human papillomavirus 18	Alphapapillomavirus 7		InDRE 406	Human papillomavirus 18 isolate InDRE 406, complete genome	7856	complete	Mexico: Laboratorio Estatal de Salud Publica (LESP) Jalisco	Mexico	Homo sapiens	cervix	Fragoso-Fonseca,D.E., Jimenez-Morales,M., Ruiz-Hernandez,U.E., Centeno-Cayetano,G.B., Andrade-Montiel,E., Corona-Valdespino,E., Gonzalez-Martinez,B.E., Esteban-Valencia,Md.C., Araiza-Rodriguez,A., Hernandez-Rivas,L., Ramirez-Gonzalez,J.E., Escobar-Escamilla,N., Salvador-Patino,A., Garces-Ayala,F.			2022-12-17	dsDNA
ON322749	GenBank	human papillomavirus 18	Alphapapillomavirus 7		InDRE 366	Human papillomavirus 18 isolate InDRE 366, complete genome	7824	complete	Mexico: Laboratorio Estatal de Salud Publica (LESP) Jalisco	Mexico	Homo sapiens	cervix	Fragoso-Fonseca,D.E., Jimenez-Morales,M., Ruiz-Hernandez,U.E., Centeno-Cayetano,G.B., Andrade-Montiel,E., Corona-Valdespino,E., Gonzalez-Martinez,B.E., Esteban-Valencia,Md.C., Araiza-Rodriguez,A., Hernandez-Rivas,L., Ramirez-Gonzalez,J.E., Escobar-Escamilla,N., Salvador-Patino,A., Garces-Ayala,F.			2022-12-17	dsDNA
ON322750	GenBank	human papillomavirus 18	Alphapapillomavirus 7		InDRE 392	Human papillomavirus 18 isolate InDRE 392, complete genome	7824	complete	Mexico: Laboratorio Estatal de Salud Publica (LESP) Jalisco	Mexico	Homo sapiens	cervix	Fragoso-Fonseca,D.E., Jimenez-Morales,M., Ruiz-Hernandez,U.E., Centeno-Cayetano,G.B., Andrade-Montiel,E., Corona-Valdespino,E., Gonzalez-Martinez,B.E., Esteban-Valencia,Md.C., Araiza-Rodriguez,A., Hernandez-Rivas,L., Ramirez-Gonzalez,J.E., Escobar-Escamilla,N., Salvador-Patino,A., Garces-Ayala,F.			2022-12-17	dsDNA
MW836821	GenBank	human papillomavirus 18	Alphapapillomavirus 7		VBD17/15	Human papillomavirus 18 isolate VBD17/15, complete genome	7857	complete	South Africa: Free State	South Africa	Homo sapiens		Munsamy,Y., Seedat,R.Y., Sekee,T.R., Bester,P.A., van Jaarsveldt,D., Burt,F.J.		2015-05-12	2021-06-30	dsDNA
LC636307	GenBank	human papillomavirus 18	Alphapapillomavirus 7		K1604	Human papillomavirus type 18 K1604 DNA, complete genome	7857	complete	Japan	Japan	Homo sapiens		Yamaguchi,M., Iwata,T., Matsumoto,K., Kukimoto,I.			2021-06-12	dsDNA
LC636308	GenBank	human papillomavirus 18	Alphapapillomavirus 7		K2085	Human papillomavirus type 18 K2085 DNA, complete genome	7857	complete	Japan	Japan	Homo sapiens		Yamaguchi,M., Iwata,T., Matsumoto,K., Kukimoto,I.			2021-06-12	dsDNA
LC636309	GenBank	human papillomavirus 18	Alphapapillomavirus 7		K2226	Human papillomavirus type 18 K2226 DNA, complete genome	7857	complete	Japan	Japan	Homo sapiens		Yamaguchi,M., Iwata,T., Matsumoto,K., Kukimoto,I.			2021-06-12	dsDNA
LC508989	GenBank	human papillomavirus 18	Alphapapillomavirus 7		SW024	Human papillomavirus type 18 SW024 DNA, complete genome	7857	complete	Japan	Japan	Homo sapiens		Kukimoto,I., Yamaguchi,M., Tenjimbayashi,Y., Hirose,Y., Onuki,M., Iwata,T., Matsumoto,K.			2020-05-02	dsDNA
LC508990	GenBank	human papillomavirus 18	Alphapapillomavirus 7		SW044	Human papillomavirus type 18 SW044 DNA, complete genome	7857	complete	Japan	Japan	Homo sapiens		Kukimoto,I., Yamaguchi,M., Tenjimbayashi,Y., Hirose,Y., Onuki,M., Iwata,T., Matsumoto,K.			2020-05-02	dsDNA
LC508991	GenBank	human papillomavirus 18	Alphapapillomavirus 7		SW052	Human papillomavirus type 18 SW052 DNA, complete genome	7857	complete	Japan	Japan	Homo sapiens		Kukimoto,I., Yamaguchi,M., Tenjimbayashi,Y., Hirose,Y., Onuki,M., Iwata,T., Matsumoto,K.			2020-05-02	dsDNA
LC508992	GenBank	human papillomavirus 18	Alphapapillomavirus 7		K0213	Human papillomavirus type 18 K0213 DNA, complete genome	7857	complete	Japan	Japan	Homo sapiens		Kukimoto,I., Yamaguchi,M., Tenjimbayashi,Y., Hirose,Y., Onuki,M., Iwata,T., Matsumoto,K.			2020-05-02	dsDNA
LC508993	GenBank	human papillomavirus 18	Alphapapillomavirus 7		K0280	Human papillomavirus type 18 K0280 DNA, complete genome	7857	complete	Japan	Japan	Homo sapiens		Kukimoto,I., Yamaguchi,M., Tenjimbayashi,Y., Hirose,Y., Onuki,M., Iwata,T., Matsumoto,K.			2020-05-02	dsDNA
LC508994	GenBank	human papillomavirus 18	Alphapapillomavirus 7		K0390	Human papillomavirus type 18 K0390 DNA, complete genome	7857	complete	Japan	Japan	Homo sapiens		Kukimoto,I., Yamaguchi,M., Tenjimbayashi,Y., Hirose,Y., Onuki,M., Iwata,T., Matsumoto,K.			2020-05-02	dsDNA
LC508995	GenBank	human papillomavirus 18	Alphapapillomavirus 7		K1053	Human papillomavirus type 18 K1053 DNA, complete genome	7857	complete	Japan	Japan	Homo sapiens		Kukimoto,I., Yamaguchi,M., Tenjimbayashi,Y., Hirose,Y., Onuki,M., Iwata,T., Matsumoto,K.			2020-05-02	dsDNA
LC508996	GenBank	human papillomavirus 18	Alphapapillomavirus 7		K1092	Human papillomavirus type 18 K1092 DNA, complete genome	7857	complete	Japan	Japan	Homo sapiens		Kukimoto,I., Yamaguchi,M., Tenjimbayashi,Y., Hirose,Y., Onuki,M., Iwata,T., Matsumoto,K.			2020-05-02	dsDNA
LC508997	GenBank	human papillomavirus 18	Alphapapillomavirus 7		K1456	Human papillomavirus type 18 K1456 DNA, complete genome	7857	complete	Japan	Japan	Homo sapiens		Kukimoto,I., Yamaguchi,M., Tenjimbayashi,Y., Hirose,Y., Onuki,M., Iwata,T., Matsumoto,K.			2020-05-02	dsDNA
LC508998	GenBank	human papillomavirus 18	Alphapapillomavirus 7		K1506	Human papillomavirus type 18 K1506 DNA, complete genome	7857	complete	Japan	Japan	Homo sapiens		Kukimoto,I., Yamaguchi,M., Tenjimbayashi,Y., Hirose,Y., Onuki,M., Iwata,T., Matsumoto,K.			2020-05-02	dsDNA
LC508999	GenBank	human papillomavirus 18	Alphapapillomavirus 7		K1929	Human papillomavirus type 18 K1929 DNA, complete genome	7857	complete	Japan	Japan	Homo sapiens		Kukimoto,I., Yamaguchi,M., Tenjimbayashi,Y., Hirose,Y., Onuki,M., Iwata,T., Matsumoto,K.			2020-05-02	dsDNA
LC509000	GenBank	human papillomavirus 18	Alphapapillomavirus 7		TK018	Human papillomavirus type 18 TK018 DNA, complete genome	7857	complete	Japan	Japan	Homo sapiens		Kukimoto,I., Yamaguchi,M., Tenjimbayashi,Y., Hirose,Y., Onuki,M., Iwata,T., Matsumoto,K.			2020-05-02	dsDNA
LC509001	GenBank	human papillomavirus 18	Alphapapillomavirus 7		TK032	Human papillomavirus type 18 TK032 DNA, complete genome	7857	complete	Japan	Japan	Homo sapiens		Kukimoto,I., Yamaguchi,M., Tenjimbayashi,Y., Hirose,Y., Onuki,M., Iwata,T., Matsumoto,K.			2020-05-02	dsDNA
LC509002	GenBank	human papillomavirus 18	Alphapapillomavirus 7		K0859	Human papillomavirus type 18 K0859 DNA, complete genome	7857	complete	Japan	Japan	Homo sapiens		Kukimoto,I., Yamaguchi,M., Tenjimbayashi,Y., Hirose,Y., Onuki,M., Iwata,T., Matsumoto,K.			2020-05-02	dsDNA
LC509003	GenBank	human papillomavirus 18	Alphapapillomavirus 7		K1385	Human papillomavirus type 18 K1385 DNA, complete genome	7857	complete	Japan	Japan	Homo sapiens		Kukimoto,I., Yamaguchi,M., Tenjimbayashi,Y., Hirose,Y., Onuki,M., Iwata,T., Matsumoto,K.			2020-05-02	dsDNA
LC509004	GenBank	human papillomavirus 18	Alphapapillomavirus 7		K2087	Human papillomavirus type 18 K2087 DNA, complete genome	7857	complete	Japan	Japan	Homo sapiens		Kukimoto,I., Yamaguchi,M., Tenjimbayashi,Y., Hirose,Y., Onuki,M., Iwata,T., Matsumoto,K.			2020-05-02	dsDNA
LC509005	GenBank	human papillomavirus 18	Alphapapillomavirus 7		K0619	Human papillomavirus type 18 K0619 DNA, complete genome	7857	complete	Japan	Japan	Homo sapiens		Kukimoto,I., Yamaguchi,M., Tenjimbayashi,Y., Hirose,Y., Onuki,M., Iwata,T., Matsumoto,K.			2020-05-02	dsDNA
LC509006	GenBank	human papillomavirus 18	Alphapapillomavirus 7		K1872	Human papillomavirus type 18 K1872 DNA, complete genome	7857	complete	Japan	Japan	Homo sapiens		Kukimoto,I., Yamaguchi,M., Tenjimbayashi,Y., Hirose,Y., Onuki,M., Iwata,T., Matsumoto,K.			2020-05-02	dsDNA
MF288652	GenBank	human papillomavirus 18	Alphapapillomavirus 7		C502873_R1_1041961_(0w)	Human papillomavirus 18 isolate C502873_R1_1041961_(0w), complete genome	7824	complete	Netherlands	Netherlands	Homo sapiens		van der Weele,P., Meijer,C.J.L.M., King,A.J.		2008	2017-10-21	dsDNA
MF288653	GenBank	human papillomavirus 18	Alphapapillomavirus 7		C502873_R2_1405573_(8w)	Human papillomavirus 18 isolate C502873_R2_1405573_(8w), complete genome	7824	complete	Netherlands	Netherlands	Homo sapiens		van der Weele,P., Meijer,C.J.L.M., King,A.J.		2009	2017-10-21	dsDNA
MF288654	GenBank	human papillomavirus 18	Alphapapillomavirus 7		C413057_R1_1107035_(0w)	Human papillomavirus 18 isolate C413057_R1_1107035_(0w), complete genome	7824	complete	Netherlands	Netherlands	Homo sapiens		van der Weele,P., Meijer,C.J.L.M., King,A.J.		2008	2017-10-21	dsDNA
MF288655	GenBank	human papillomavirus 18	Alphapapillomavirus 7		C413057_R2_1487713_(50w)	Human papillomavirus 18 isolate C413057_R2_1487713_(50w), complete genome	7824	complete	Netherlands	Netherlands	Homo sapiens		van der Weele,P., Meijer,C.J.L.M., King,A.J.		2009	2017-10-21	dsDNA
MF288656	GenBank	human papillomavirus 18	Alphapapillomavirus 7		1107217_N-P	Human papillomavirus 18 isolate 1107217_N-P, complete genome	7824	complete	Netherlands	Netherlands	Homo sapiens		van der Weele,P., Meijer,C.J.L.M., King,A.J.		2008	2017-10-21	dsDNA
MF288657	GenBank	human papillomavirus 18	Alphapapillomavirus 7		C439207_R1_1329696_N-P	Human papillomavirus 18 isolate C439207_R1_1329696_N-P, complete genome	7824	complete	Netherlands	Netherlands	Homo sapiens		van der Weele,P., Meijer,C.J.L.M., King,A.J.		2008	2017-10-21	dsDNA
MF288658	GenBank	human papillomavirus 18	Alphapapillomavirus 7		C573061_R1_1115315_(0w)	Human papillomavirus 18 isolate C573061_R1_1115315_(0w), complete genome	7824	complete	Netherlands	Netherlands	Homo sapiens		van der Weele,P., Meijer,C.J.L.M., King,A.J.		2008	2017-10-21	dsDNA
MF288659	GenBank	human papillomavirus 18	Alphapapillomavirus 7		C573061_R2_1506258_(51w)	Human papillomavirus 18 isolate C573061_R2_1506258_(51w), complete genome	7824	complete	Netherlands	Netherlands	Homo sapiens		van der Weele,P., Meijer,C.J.L.M., King,A.J.		2009	2017-10-21	dsDNA
MF288660	GenBank	human papillomavirus 18	Alphapapillomavirus 7		C434607_R1_1177558_(0w)	Human papillomavirus 18 isolate C434607_R1_1177558_(0w), complete genome	7824	complete	Netherlands	Netherlands	Homo sapiens		van der Weele,P., Meijer,C.J.L.M., King,A.J.		2008	2017-10-21	dsDNA
MF288661	GenBank	human papillomavirus 18	Alphapapillomavirus 7		C434607_R2_1711283_(72w)	Human papillomavirus 18 isolate C434607_R2_1711283_(72w), complete genome	7824	complete	Netherlands	Netherlands	Homo sapiens		van der Weele,P., Meijer,C.J.L.M., King,A.J.		2009	2017-10-21	dsDNA
MF288662	GenBank	human papillomavirus 18	Alphapapillomavirus 7		1359486_N-P	Human papillomavirus 18 isolate 1359486_N-P, complete genome	7857	complete	Netherlands	Netherlands	Homo sapiens		van der Weele,P., Meijer,C.J.L.M., King,A.J.		2008	2017-10-21	dsDNA
MF288663	GenBank	human papillomavirus 18	Alphapapillomavirus 7		C415154_R1_1138896_N-P	Human papillomavirus 18 isolate C415154_R1_1138896_N-P, complete genome	7857	complete	Netherlands	Netherlands	Homo sapiens		van der Weele,P., Meijer,C.J.L.M., King,A.J.		2008	2017-10-21	dsDNA
MF288664	GenBank	human papillomavirus 18	Alphapapillomavirus 7		1193039_N-P	Human papillomavirus 18 isolate 1193039_N-P, complete genome	7857	complete	Netherlands	Netherlands	Homo sapiens		van der Weele,P., Meijer,C.J.L.M., King,A.J.		2008	2017-10-21	dsDNA
MF288665	GenBank	human papillomavirus 18	Alphapapillomavirus 7		1447457_N-P	Human papillomavirus 18 isolate 1447457_N-P, complete genome	7857	complete	Netherlands	Netherlands	Homo sapiens		van der Weele,P., Meijer,C.J.L.M., King,A.J.		2009	2017-10-21	dsDNA
MF288666	GenBank	human papillomavirus 18	Alphapapillomavirus 7		C318923_R3_1749078_(0w)	Human papillomavirus 18 isolate C318923_R3_1749078_(0w), complete genome	7857	complete	Netherlands	Netherlands	Homo sapiens		van der Weele,P., Meijer,C.J.L.M., King,A.J.		2010	2017-10-21	dsDNA
MF288667	GenBank	human papillomavirus 18	Alphapapillomavirus 7		C318923_R4_2103261_(51w)	Human papillomavirus 18 isolate C318923_R4_2103261_(51w), complete genome	7857	complete	Netherlands	Netherlands	Homo sapiens		van der Weele,P., Meijer,C.J.L.M., King,A.J.		2011	2017-10-21	dsDNA
MF288668	GenBank	human papillomavirus 18	Alphapapillomavirus 7		1192983_N-P	Human papillomavirus 18 isolate 1192983_N-P, complete genome	7857	complete	Netherlands	Netherlands	Homo sapiens		van der Weele,P., Meijer,C.J.L.M., King,A.J.		2008	2017-10-21	dsDNA
MF288669	GenBank	human papillomavirus 18	Alphapapillomavirus 7		C601456_R1_1098610_N-P	Human papillomavirus 18 isolate C601456_R1_1098610_N-P, complete genome	7857	complete	Netherlands	Netherlands	Homo sapiens		van der Weele,P., Meijer,C.J.L.M., King,A.J.		2008	2017-10-21	dsDNA
MF288670	GenBank	human papillomavirus 18	Alphapapillomavirus 7		C506270_R2_1509726_(0w)	Human papillomavirus 18 isolate C506270_R2_1509726_(0w), complete genome	7831	complete	Netherlands	Netherlands	Homo sapiens		van der Weele,P., Meijer,C.J.L.M., King,A.J.		2009	2017-10-21	dsDNA
MF288671	GenBank	human papillomavirus 18	Alphapapillomavirus 7		C506270_R3_1852264_(50w)	Human papillomavirus 18 isolate C506270_R3_1852264_(50w), complete genome	7831	complete	Netherlands	Netherlands	Homo sapiens		van der Weele,P., Meijer,C.J.L.M., King,A.J.		2010	2017-10-21	dsDNA
MF288672	GenBank	human papillomavirus 18	Alphapapillomavirus 7		C624762_R1_1335730_(0w)	Human papillomavirus 18 isolate C624762_R1_1335730_(0w), complete genome	7857	complete	Netherlands	Netherlands	Homo sapiens		van der Weele,P., Meijer,C.J.L.M., King,A.J.		2008	2017-10-21	dsDNA
MF288673	GenBank	human papillomavirus 18	Alphapapillomavirus 7		C624762_R2_1639548_(57w)	Human papillomavirus 18 isolate C624762_R2_1639548_(57w), complete genome	7857	complete	Netherlands	Netherlands	Homo sapiens		van der Weele,P., Meijer,C.J.L.M., King,A.J.		2009	2017-10-21	dsDNA
MF288674	GenBank	human papillomavirus 18	Alphapapillomavirus 7		C299773_R1_1080494_(0w)	Human papillomavirus 18 isolate C299773_R1_1080494_(0w), complete genome	7845	complete	Netherlands	Netherlands	Homo sapiens		van der Weele,P., Meijer,C.J.L.M., King,A.J.		2008	2017-10-21	dsDNA
MF288675	GenBank	human papillomavirus 18	Alphapapillomavirus 7		C299773_R2_1436785_(51w)	Human papillomavirus 18 isolate C299773_R2_1436785_(51w), complete genome	7845	complete	Netherlands	Netherlands	Homo sapiens		van der Weele,P., Meijer,C.J.L.M., King,A.J.		2009	2017-10-21	dsDNA
MF288676	GenBank	human papillomavirus 18	Alphapapillomavirus 7		C299773_R3_1779229_(102w)	Human papillomavirus 18 isolate C299773_R3_1779229_(102w), complete genome	7845	complete	Netherlands	Netherlands	Homo sapiens		van der Weele,P., Meijer,C.J.L.M., King,A.J.		2010	2017-10-21	dsDNA
MF288677	GenBank	human papillomavirus 18	Alphapapillomavirus 7		C498643_R1_1192121_(0w)	Human papillomavirus 18 isolate C498643_R1_1192121_(0w), complete genome	7857	complete	Netherlands	Netherlands	Homo sapiens		van der Weele,P., Meijer,C.J.L.M., King,A.J.		2008	2017-10-21	dsDNA
MF288678	GenBank	human papillomavirus 18	Alphapapillomavirus 7		C498643_R2_1564219_(54w)	Human papillomavirus 18 isolate C498643_R2_1564219_(54w), complete genome	7857	complete	Netherlands	Netherlands	Homo sapiens		van der Weele,P., Meijer,C.J.L.M., King,A.J.		2009	2017-10-21	dsDNA
MF288679	GenBank	human papillomavirus 18	Alphapapillomavirus 7		C310065_R1_1389573_N-P	Human papillomavirus 18 isolate C310065_R1_1389573_N-P, complete genome	7857	complete	Netherlands	Netherlands	Homo sapiens		van der Weele,P., Meijer,C.J.L.M., King,A.J.		2008	2017-10-21	dsDNA
MF288680	GenBank	human papillomavirus 18	Alphapapillomavirus 7		C340709_R1_1279365_N-P	Human papillomavirus 18 isolate C340709_R1_1279365_N-P, complete genome	7857	complete	Netherlands	Netherlands	Homo sapiens		van der Weele,P., Meijer,C.J.L.M., King,A.J.		2008	2017-10-21	dsDNA
MF288681	GenBank	human papillomavirus 18	Alphapapillomavirus 7		C385149_R1_1186655_(0w)	Human papillomavirus 18 isolate C385149_R1_1186655_(0w), complete genome	7857	complete	Netherlands	Netherlands	Homo sapiens		van der Weele,P., Meijer,C.J.L.M., King,A.J.		2008	2017-10-21	dsDNA
MF288682	GenBank	human papillomavirus 18	Alphapapillomavirus 7		C385149_R2_1569977_(54w)	Human papillomavirus 18 isolate C385149_R2_1569977_(54w), complete genome	7857	complete	Netherlands	Netherlands	Homo sapiens		van der Weele,P., Meijer,C.J.L.M., King,A.J.		2009	2017-10-21	dsDNA
MF288683	GenBank	human papillomavirus 18	Alphapapillomavirus 7		1310091_R1_P_R2_FAIL	Human papillomavirus 18 isolate 1310091_R1_P_R2_FAIL, complete genome	7857	complete	Netherlands	Netherlands	Homo sapiens		van der Weele,P., Meijer,C.J.L.M., King,A.J.		2008	2017-10-21	dsDNA
MF288684	GenBank	human papillomavirus 18	Alphapapillomavirus 7		1389481_N-P	Human papillomavirus 18 isolate 1389481_N-P, complete genome	7857	complete	Netherlands	Netherlands	Homo sapiens		van der Weele,P., Meijer,C.J.L.M., King,A.J.		2008	2017-10-21	dsDNA
MF288685	GenBank	human papillomavirus 18	Alphapapillomavirus 7		C575918_R1_1071512_(0w)	Human papillomavirus 18 isolate C575918_R1_1071512_(0w), complete genome	7857	complete	Netherlands	Netherlands	Homo sapiens		van der Weele,P., Meijer,C.J.L.M., King,A.J.		2008	2017-10-21	dsDNA
MF288686	GenBank	human papillomavirus 18	Alphapapillomavirus 7		C575918_R2_1429982_(50w)	Human papillomavirus 18 isolate C575918_R2_1429982_(50w), complete genome	7857	complete	Netherlands	Netherlands	Homo sapiens		van der Weele,P., Meijer,C.J.L.M., King,A.J.		2009	2017-10-21	dsDNA
MF288687	GenBank	human papillomavirus 18	Alphapapillomavirus 7		C406921_R1_1177005_N-P	Human papillomavirus 18 isolate C406921_R1_1177005_N-P, complete genome	7857	complete	Netherlands	Netherlands	Homo sapiens		van der Weele,P., Meijer,C.J.L.M., King,A.J.		2008	2017-10-21	dsDNA
MF288688	GenBank	human papillomavirus 18	Alphapapillomavirus 7		1115002_N-P	Human papillomavirus 18 isolate 1115002_N-P, complete genome	7857	complete	Netherlands	Netherlands	Homo sapiens		van der Weele,P., Meijer,C.J.L.M., King,A.J.		2008	2017-10-21	dsDNA
MF288689	GenBank	human papillomavirus 18	Alphapapillomavirus 7		1508690_N-P	Human papillomavirus 18 isolate 1508690_N-P, complete genome	7857	complete	Netherlands	Netherlands	Homo sapiens		van der Weele,P., Meijer,C.J.L.M., King,A.J.		2009	2017-10-21	dsDNA
MF288690	GenBank	human papillomavirus 18	Alphapapillomavirus 7		C532476_R1_1127082_N-P	Human papillomavirus 18 isolate C532476_R1_1127082_N-P, complete genome	7857	complete	Netherlands	Netherlands	Homo sapiens		van der Weele,P., Meijer,C.J.L.M., King,A.J.		2008	2017-10-21	dsDNA
MF288691	GenBank	human papillomavirus 18	Alphapapillomavirus 7		1390622_R1_P_R2_FAIL	Human papillomavirus 18 isolate 1390622_R1_P_R2_FAIL, complete genome	7857	complete	Netherlands	Netherlands	Homo sapiens		van der Weele,P., Meijer,C.J.L.M., King,A.J.		2008	2017-10-21	dsDNA
MF288692	GenBank	human papillomavirus 18	Alphapapillomavirus 7		C353934_R1_1193001_N-P	Human papillomavirus 18 isolate C353934_R1_1193001_N-P, complete genome	7857	complete	Netherlands	Netherlands	Homo sapiens		van der Weele,P., Meijer,C.J.L.M., King,A.J.		2008	2017-10-21	dsDNA
MF288693	GenBank	human papillomavirus 18	Alphapapillomavirus 7		C430899_R1_1153841_N-P	Human papillomavirus 18 isolate C430899_R1_1153841_N-P, complete genome	7857	complete	Netherlands	Netherlands	Homo sapiens		van der Weele,P., Meijer,C.J.L.M., King,A.J.		2008	2017-10-21	dsDNA
MF288694	GenBank	human papillomavirus 18	Alphapapillomavirus 7		C439921_R1_1139309_N-P	Human papillomavirus 18 isolate C439921_R1_1139309_N-P, complete genome	7857	complete	Netherlands	Netherlands	Homo sapiens		van der Weele,P., Meijer,C.J.L.M., King,A.J.		2008	2017-10-21	dsDNA
MF288695	GenBank	human papillomavirus 18	Alphapapillomavirus 7		C440737_R1_1103988_N-P	Human papillomavirus 18 isolate C440737_R1_1103988_N-P, complete genome	7857	complete	Netherlands	Netherlands	Homo sapiens		van der Weele,P., Meijer,C.J.L.M., King,A.J.		2008	2017-10-21	dsDNA
MF288696	GenBank	human papillomavirus 18	Alphapapillomavirus 7		1581449_N-P	Human papillomavirus 18 isolate 1581449_N-P, complete genome	7857	complete	Netherlands	Netherlands	Homo sapiens		van der Weele,P., Meijer,C.J.L.M., King,A.J.		2009	2017-10-21	dsDNA
MF288697	GenBank	human papillomavirus 18	Alphapapillomavirus 7		1445230_R2_P_R1_FAIL	Human papillomavirus 18 isolate 1445230_R2_P_R1_FAIL, complete genome	7857	complete	Netherlands	Netherlands	Homo sapiens		van der Weele,P., Meijer,C.J.L.M., King,A.J.		2009	2017-10-21	dsDNA
MF288698	GenBank	human papillomavirus 18	Alphapapillomavirus 7		C335048_R2_1591561_(0w)	Human papillomavirus 18 isolate C335048_R2_1591561_(0w), complete genome	7857	complete	Netherlands	Netherlands	Homo sapiens		van der Weele,P., Meijer,C.J.L.M., King,A.J.		2009	2017-10-21	dsDNA
MF288699	GenBank	human papillomavirus 18	Alphapapillomavirus 7		C644657_R1_1107720_(0w)	Human papillomavirus 18 isolate C644657_R1_1107720_(0w), complete genome	7857	complete	Netherlands	Netherlands	Homo sapiens		van der Weele,P., Meijer,C.J.L.M., King,A.J.		2008	2017-10-21	dsDNA
MF288700	GenBank	human papillomavirus 18	Alphapapillomavirus 7		C644657_R2_1488163_(55w)	Human papillomavirus 18 isolate C644657_R2_1488163_(55w), complete genome	7857	complete	Netherlands	Netherlands	Homo sapiens		van der Weele,P., Meijer,C.J.L.M., King,A.J.		2009	2017-10-21	dsDNA
MF288701	GenBank	human papillomavirus 18	Alphapapillomavirus 7		C644657_R3_1822640_(103w)	Human papillomavirus 18 isolate C644657_R3_1822640_(103w), complete genome	7857	complete	Netherlands	Netherlands	Homo sapiens		van der Weele,P., Meijer,C.J.L.M., King,A.J.		2010	2017-10-21	dsDNA
MF288702	GenBank	human papillomavirus 18	Alphapapillomavirus 7		C644657_R4_2179348_(154w)	Human papillomavirus 18 isolate C644657_R4_2179348_(154w), complete genome	7857	complete	Netherlands	Netherlands	Homo sapiens		van der Weele,P., Meijer,C.J.L.M., King,A.J.		2011	2017-10-21	dsDNA
MF288703	GenBank	human papillomavirus 18	Alphapapillomavirus 7		C627893_R1_1382535_(0w)	Human papillomavirus 18 isolate C627893_R1_1382535_(0w), complete genome	7857	complete	Netherlands	Netherlands	Homo sapiens		van der Weele,P., Meijer,C.J.L.M., King,A.J.		2008	2017-10-21	dsDNA
MF288704	GenBank	human papillomavirus 18	Alphapapillomavirus 7		C627893_R2_1657900_(46w)	Human papillomavirus 18 isolate C627893_R2_1657900_(46w), complete genome	7857	complete	Netherlands	Netherlands	Homo sapiens		van der Weele,P., Meijer,C.J.L.M., King,A.J.		2009	2017-10-21	dsDNA
MF288705	GenBank	human papillomavirus 18	Alphapapillomavirus 7		C425046_R1_1388626_(0w)	Human papillomavirus 18 isolate C425046_R1_1388626_(0w), complete genome	7857	complete	Netherlands	Netherlands	Homo sapiens		van der Weele,P., Meijer,C.J.L.M., King,A.J.		2008	2017-10-21	dsDNA
MF288706	GenBank	human papillomavirus 18	Alphapapillomavirus 7		C425046_R2_1678154_(54w)	Human papillomavirus 18 isolate C425046_R2_1678154_(54w), complete genome	7857	complete	Netherlands	Netherlands	Homo sapiens		van der Weele,P., Meijer,C.J.L.M., King,A.J.		2009	2017-10-21	dsDNA
MF288707	GenBank	human papillomavirus 18	Alphapapillomavirus 7		C440384_R1_1310123_N-P	Human papillomavirus 18 isolate C440384_R1_1310123_N-P, complete genome	7842	complete	Netherlands	Netherlands	Homo sapiens		van der Weele,P., Meijer,C.J.L.M., King,A.J.		2008	2017-10-21	dsDNA
MF288708	GenBank	human papillomavirus 18	Alphapapillomavirus 7		C412607_R1_1241497_(0w)	Human papillomavirus 18 isolate C412607_R1_1241497_(0w), complete genome	7857	complete	Netherlands	Netherlands	Homo sapiens		van der Weele,P., Meijer,C.J.L.M., King,A.J.		2008	2017-10-21	dsDNA
MF288709	GenBank	human papillomavirus 18	Alphapapillomavirus 7		C412607_R2_1595957_(56w)	Human papillomavirus 18 isolate C412607_R2_1595957_(56w), complete genome	7857	complete	Netherlands	Netherlands	Homo sapiens		van der Weele,P., Meijer,C.J.L.M., King,A.J.		2009	2017-10-21	dsDNA
MF288710	GenBank	human papillomavirus 18	Alphapapillomavirus 7		C335048_R3_1978895_(63w)	Human papillomavirus 18 isolate C335048_R3_1978895_(63w), complete genome	7857	complete	Netherlands	Netherlands	Homo sapiens		van der Weele,P., Meijer,C.J.L.M., King,A.J.		2010	2017-10-21	dsDNA
MF288711	GenBank	human papillomavirus 18	Alphapapillomavirus 7		C578032_R2_1441689_(0w)	Human papillomavirus 18 isolate C578032_R2_1441689_(0w), complete genome	7857	complete	Netherlands	Netherlands	Homo sapiens		van der Weele,P., Meijer,C.J.L.M., King,A.J.		2009	2017-10-21	dsDNA
MF288712	GenBank	human papillomavirus 18	Alphapapillomavirus 7		C578032_R3_1777990_(53w)	Human papillomavirus 18 isolate C578032_R3_1777990_(53w), complete genome	7857	complete	Netherlands	Netherlands	Homo sapiens		van der Weele,P., Meijer,C.J.L.M., King,A.J.		2010	2017-10-21	dsDNA
MF288713	GenBank	human papillomavirus 18	Alphapapillomavirus 7		C533713_R2_1453915_(0w)	Human papillomavirus 18 isolate C533713_R2_1453915_(0w), complete genome	7857	complete	Netherlands	Netherlands	Homo sapiens		van der Weele,P., Meijer,C.J.L.M., King,A.J.		2009	2017-10-21	dsDNA
MF288714	GenBank	human papillomavirus 18	Alphapapillomavirus 7		C533713_R3_1794175_(52w)	Human papillomavirus 18 isolate C533713_R3_1794175_(52w), complete genome	7857	complete	Netherlands	Netherlands	Homo sapiens		van der Weele,P., Meijer,C.J.L.M., King,A.J.		2010	2017-10-21	dsDNA
MF288715	GenBank	human papillomavirus 18	Alphapapillomavirus 7		C458963_R1_1201270_(0w)	Human papillomavirus 18 isolate C458963_R1_1201270_(0w), complete genome	7857	complete	Netherlands	Netherlands	Homo sapiens		van der Weele,P., Meijer,C.J.L.M., King,A.J.		2008	2017-10-21	dsDNA
MF288716	GenBank	human papillomavirus 18	Alphapapillomavirus 7		C458963_R2_1584969_(48w)	Human papillomavirus 18 isolate C458963_R2_1584969_(48w), complete genome	7857	complete	Netherlands	Netherlands	Homo sapiens		van der Weele,P., Meijer,C.J.L.M., King,A.J.		2009	2017-10-21	dsDNA
MF288717	GenBank	human papillomavirus 18	Alphapapillomavirus 7		1533526_N-P	Human papillomavirus 18 isolate 1533526_N-P, complete genome	7857	complete	Netherlands	Netherlands	Homo sapiens		van der Weele,P., Meijer,C.J.L.M., King,A.J.		2009	2017-10-21	dsDNA
MF288718	GenBank	human papillomavirus 18	Alphapapillomavirus 7		C487627_R1_1178751_(0w)	Human papillomavirus 18 isolate C487627_R1_1178751_(0w), complete genome	7857	complete	Netherlands	Netherlands	Homo sapiens		van der Weele,P., Meijer,C.J.L.M., King,A.J.		2008	2017-10-21	dsDNA
MF288719	GenBank	human papillomavirus 18	Alphapapillomavirus 7		C487627_R2_1553725_(52w)	Human papillomavirus 18 isolate C487627_R2_1553725_(52w), complete genome	7857	complete	Netherlands	Netherlands	Homo sapiens		van der Weele,P., Meijer,C.J.L.M., King,A.J.		2009	2017-10-21	dsDNA
MF288720	GenBank	human papillomavirus 18	Alphapapillomavirus 7		1174820_N-P	Human papillomavirus 18 isolate 1174820_N-P, complete genome	7857	complete	Netherlands	Netherlands	Homo sapiens		van der Weele,P., Meijer,C.J.L.M., King,A.J.		2008	2017-10-21	dsDNA
MF288721	GenBank	human papillomavirus 18	Alphapapillomavirus 7		1209155_R1_P_R2_FAIL	Human papillomavirus 18 isolate 1209155_R1_P_R2_FAIL, complete genome	7857	complete	Netherlands	Netherlands	Homo sapiens		van der Weele,P., Meijer,C.J.L.M., King,A.J.		2008	2017-10-21	dsDNA
MF288722	GenBank	human papillomavirus 18	Alphapapillomavirus 7		C387957_R1_1124102_N-P	Human papillomavirus 18 isolate C387957_R1_1124102_N-P, complete genome	7857	complete	Netherlands	Netherlands	Homo sapiens		van der Weele,P., Meijer,C.J.L.M., King,A.J.		2008	2017-10-21	dsDNA
MF288723	GenBank	human papillomavirus 18	Alphapapillomavirus 7		C451606_R1_1201181_(0w)	Human papillomavirus 18 isolate C451606_R1_1201181_(0w), complete genome	7857	complete	Netherlands	Netherlands	Homo sapiens		van der Weele,P., Meijer,C.J.L.M., King,A.J.		2008	2017-10-21	dsDNA
MF288724	GenBank	human papillomavirus 18	Alphapapillomavirus 7		C451606_R2_1584906_(52w)	Human papillomavirus 18 isolate C451606_R2_1584906_(52w), complete genome	7857	complete	Netherlands	Netherlands	Homo sapiens		van der Weele,P., Meijer,C.J.L.M., King,A.J.		2009	2017-10-21	dsDNA
MF288725	GenBank	human papillomavirus 18	Alphapapillomavirus 7		C451606_R3_1915584_(100w)	Human papillomavirus 18 isolate C451606_R3_1915584_(100w), complete genome	7857	complete	Netherlands	Netherlands	Homo sapiens		van der Weele,P., Meijer,C.J.L.M., King,A.J.		2010	2017-10-21	dsDNA
MF288726	GenBank	human papillomavirus 18	Alphapapillomavirus 7		1314304_N-P	Human papillomavirus 18 isolate 1314304_N-P, complete genome	7857	complete	Netherlands	Netherlands	Homo sapiens		van der Weele,P., Meijer,C.J.L.M., King,A.J.		2008	2017-10-21	dsDNA
MF288727	GenBank	human papillomavirus 18	Alphapapillomavirus 7		1494573_N-P	Human papillomavirus 18 isolate 1494573_N-P, complete genome	7844	complete	Netherlands	Netherlands	Homo sapiens		van der Weele,P., Meijer,C.J.L.M., King,A.J.		2009	2017-10-21	dsDNA
KX514433	GenBank	human papillomavirus 18	Alphapapillomavirus 7		pam9	Human papillomavirus 18 isolate pam9, complete genome	7857	complete	Brazil	Brazil	Homo sapiens		de Oliveira,G.R., Siqueira,J.D., Finger-Jardim,F., Vieira,V.C., Silva,R.L., Goncalves,C.V., Soares,E., de Martinez,A.M.B., Soares,M.A.			2017-05-17	dsDNA
KU298886	GenBank	human papillomavirus 18	Alphapapillomavirus 7		83A.18	Human papillomavirus 18 isolate 83A.18, complete genome	7857	complete	Brazil	Brazil	Homo sapiens	cervix	Siqueira,J.D., Alves,B.M., Prellwitz,I.M., Furtado,C., Meyrelles,A.R., Machado,E.S., Seuanez,H.N., Soares,M.A., Soares,E.A., Delwart,E.L.	1		2016-04-14	dsDNA
KC470208	GenBank	human papillomavirus 18	Alphapapillomavirus 7		Qv29226	Human papillomavirus type 18 isolate Qv29226, complete genome	7857	complete			Homo sapiens		Chen,Z., Schiffman,M., Herrero,R., Desalle,R., Anastos,K., Segondy,M., Sahasrabuddhe,V.V., Gravitt,P.E., Hsing,A.W., Burk,R.D., Burk,R.	1		2013-09-08	dsDNA
KC470209	GenBank	human papillomavirus 18	Alphapapillomavirus 7		Qv12247	Human papillomavirus type 18 isolate Qv12247, complete genome	7857	complete			Homo sapiens		Chen,Z., Schiffman,M., Herrero,R., Desalle,R., Anastos,K., Segondy,M., Sahasrabuddhe,V.V., Gravitt,P.E., Hsing,A.W., Burk,R.D., Burk,R.	1		2013-09-08	dsDNA
KC470210	GenBank	human papillomavirus 18	Alphapapillomavirus 7		Qv32981	Human papillomavirus type 18 isolate Qv32981, complete genome	7857	complete			Homo sapiens		Chen,Z., Schiffman,M., Herrero,R., Desalle,R., Anastos,K., Segondy,M., Sahasrabuddhe,V.V., Gravitt,P.E., Hsing,A.W., Burk,R.D., Burk,R.	1		2013-09-08	dsDNA
KC470211	GenBank	human papillomavirus 18	Alphapapillomavirus 7		Qv28978	Human papillomavirus type 18 isolate Qv28978, complete genome	7857	complete			Homo sapiens		Chen,Z., Schiffman,M., Herrero,R., Desalle,R., Anastos,K., Segondy,M., Sahasrabuddhe,V.V., Gravitt,P.E., Hsing,A.W., Burk,R.D., Burk,R.	1		2013-09-08	dsDNA
KC470212	GenBank	human papillomavirus 18	Alphapapillomavirus 7		Qv26861	Human papillomavirus type 18 isolate Qv26861, complete genome	7857	complete			Homo sapiens		Chen,Z., Schiffman,M., Herrero,R., Desalle,R., Anastos,K., Segondy,M., Sahasrabuddhe,V.V., Gravitt,P.E., Hsing,A.W., Burk,R.D., Burk,R.	1		2013-09-08	dsDNA
KC470213	GenBank	human papillomavirus 18	Alphapapillomavirus 7		Z135	Human papillomavirus type 18 isolate Z135, complete genome	7857	complete			Homo sapiens		Chen,Z., Schiffman,M., Herrero,R., Desalle,R., Anastos,K., Segondy,M., Sahasrabuddhe,V.V., Gravitt,P.E., Hsing,A.W., Burk,R.D., Burk,R.	1		2013-09-08	dsDNA
KC470214	GenBank	human papillomavirus 18	Alphapapillomavirus 7		Z52	Human papillomavirus type 18 isolate Z52, complete genome	7824	complete			Homo sapiens		Chen,Z., Schiffman,M., Herrero,R., Desalle,R., Anastos,K., Segondy,M., Sahasrabuddhe,V.V., Gravitt,P.E., Hsing,A.W., Burk,R.D., Burk,R.	1		2013-09-08	dsDNA
KC470215	GenBank	human papillomavirus 18	Alphapapillomavirus 7		Z63	Human papillomavirus type 18 isolate Z63, complete genome	7824	complete			Homo sapiens		Chen,Z., Schiffman,M., Herrero,R., Desalle,R., Anastos,K., Segondy,M., Sahasrabuddhe,V.V., Gravitt,P.E., Hsing,A.W., Burk,R.D., Burk,R.	1		2013-09-08	dsDNA
KC470216	GenBank	human papillomavirus 18	Alphapapillomavirus 7		Z53	Human papillomavirus type 18 isolate Z53, complete genome	7824	complete			Homo sapiens		Chen,Z., Schiffman,M., Herrero,R., Desalle,R., Anastos,K., Segondy,M., Sahasrabuddhe,V.V., Gravitt,P.E., Hsing,A.W., Burk,R.D., Burk,R.	1		2013-09-08	dsDNA
KC470217	GenBank	human papillomavirus 18	Alphapapillomavirus 7		Rw750	Human papillomavirus type 18 isolate Rw750, complete genome	7824	complete			Homo sapiens		Chen,Z., Schiffman,M., Herrero,R., Desalle,R., Anastos,K., Segondy,M., Sahasrabuddhe,V.V., Gravitt,P.E., Hsing,A.W., Burk,R.D., Burk,R.	1		2013-09-08	dsDNA
KC470218	GenBank	human papillomavirus 18	Alphapapillomavirus 7		Rw687	Human papillomavirus type 18 isolate Rw687, complete genome	7824	complete			Homo sapiens		Chen,Z., Schiffman,M., Herrero,R., Desalle,R., Anastos,K., Segondy,M., Sahasrabuddhe,V.V., Gravitt,P.E., Hsing,A.W., Burk,R.D., Burk,R.	1		2013-09-08	dsDNA
KC470219	GenBank	human papillomavirus 18	Alphapapillomavirus 7		Rw57	Human papillomavirus type 18 isolate Rw57, complete genome	7824	complete			Homo sapiens		Chen,Z., Schiffman,M., Herrero,R., Desalle,R., Anastos,K., Segondy,M., Sahasrabuddhe,V.V., Gravitt,P.E., Hsing,A.W., Burk,R.D., Burk,R.	1		2013-09-08	dsDNA
KC470220	GenBank	human papillomavirus 18	Alphapapillomavirus 7		Rw830	Human papillomavirus type 18 isolate Rw830, complete genome	7824	complete			Homo sapiens		Chen,Z., Schiffman,M., Herrero,R., Desalle,R., Anastos,K., Segondy,M., Sahasrabuddhe,V.V., Gravitt,P.E., Hsing,A.W., Burk,R.D., Burk,R.	1		2013-09-08	dsDNA
KC470221	GenBank	human papillomavirus 18	Alphapapillomavirus 7		Qv28775	Human papillomavirus type 18 isolate Qv28775, complete genome	7824	complete			Homo sapiens		Chen,Z., Schiffman,M., Herrero,R., Desalle,R., Anastos,K., Segondy,M., Sahasrabuddhe,V.V., Gravitt,P.E., Hsing,A.W., Burk,R.D., Burk,R.	1		2013-09-08	dsDNA
KC470222	GenBank	human papillomavirus 18	Alphapapillomavirus 7		Z100	Human papillomavirus type 18 isolate Z100, complete genome	7824	complete			Homo sapiens		Chen,Z., Schiffman,M., Herrero,R., Desalle,R., Anastos,K., Segondy,M., Sahasrabuddhe,V.V., Gravitt,P.E., Hsing,A.W., Burk,R.D., Burk,R.	1		2013-09-08	dsDNA
KC470223	GenBank	human papillomavirus 18	Alphapapillomavirus 7		BF309	Human papillomavirus type 18 isolate BF309, complete genome	7824	complete			Homo sapiens		Chen,Z., Schiffman,M., Herrero,R., Desalle,R., Anastos,K., Segondy,M., Sahasrabuddhe,V.V., Gravitt,P.E., Hsing,A.W., Burk,R.D., Burk,R.	1		2013-09-08	dsDNA
KC470224	GenBank	human papillomavirus 18	Alphapapillomavirus 7		BF288	Human papillomavirus type 18 isolate BF288, complete genome	7824	complete			Homo sapiens		Chen,Z., Schiffman,M., Herrero,R., Desalle,R., Anastos,K., Segondy,M., Sahasrabuddhe,V.V., Gravitt,P.E., Hsing,A.W., Burk,R.D., Burk,R.	1		2013-09-08	dsDNA
KC470225	GenBank	human papillomavirus 18	Alphapapillomavirus 7		BF172	Human papillomavirus type 18 isolate BF172, complete genome	7824	complete			Homo sapiens		Chen,Z., Schiffman,M., Herrero,R., Desalle,R., Anastos,K., Segondy,M., Sahasrabuddhe,V.V., Gravitt,P.E., Hsing,A.W., Burk,R.D., Burk,R.	1		2013-09-08	dsDNA
KC470226	GenBank	human papillomavirus 18	Alphapapillomavirus 7		Z125	Human papillomavirus type 18 isolate Z125, complete genome	7844	complete			Homo sapiens		Chen,Z., Schiffman,M., Herrero,R., Desalle,R., Anastos,K., Segondy,M., Sahasrabuddhe,V.V., Gravitt,P.E., Hsing,A.W., Burk,R.D., Burk,R.	1		2013-09-08	dsDNA
KC470227	GenBank	human papillomavirus 18	Alphapapillomavirus 7		Qv12693	Human papillomavirus type 18 isolate Qv12693, complete genome	7844	complete			Homo sapiens		Chen,Z., Schiffman,M., Herrero,R., Desalle,R., Anastos,K., Segondy,M., Sahasrabuddhe,V.V., Gravitt,P.E., Hsing,A.W., Burk,R.D., Burk,R.	1		2013-09-08	dsDNA
KC470228	GenBank	human papillomavirus 18	Alphapapillomavirus 7		BF380	Human papillomavirus type 18 isolate BF380, complete genome	7844	complete			Homo sapiens		Chen,Z., Schiffman,M., Herrero,R., Desalle,R., Anastos,K., Segondy,M., Sahasrabuddhe,V.V., Gravitt,P.E., Hsing,A.W., Burk,R.D., Burk,R.	1		2013-09-08	dsDNA
KC470229	GenBank	human papillomavirus 18	Alphapapillomavirus 7		Qv39775	Human papillomavirus type 18 isolate Qv39775, complete genome	7837	complete			Homo sapiens		Chen,Z., Schiffman,M., Herrero,R., Desalle,R., Anastos,K., Segondy,M., Sahasrabuddhe,V.V., Gravitt,P.E., Hsing,A.W., Burk,R.D., Burk,R.	1		2013-09-08	dsDNA
KC470230	GenBank	human papillomavirus 18	Alphapapillomavirus 7		BF226	Human papillomavirus type 18 isolate BF226, complete genome	7837	complete			Homo sapiens		Chen,Z., Schiffman,M., Herrero,R., Desalle,R., Anastos,K., Segondy,M., Sahasrabuddhe,V.V., Gravitt,P.E., Hsing,A.W., Burk,R.D., Burk,R.	1		2013-09-08	dsDNA
GQ180784	GenBank	human papillomavirus 18	Alphapapillomavirus 7		CU8	Human papillomavirus type 18 isolate CU8, complete genome	7857	complete	Thailand	Thailand	Homo sapiens		Lurchachaiwong,W., Junyangdikul,P., Termrungruanglert,W., Payungporn,S., Sampatanukul,P., Tresukosol,D., Niruthisard,S., Trivijitsilp,P., Karalak,A., Swangvaree,S., Poovorawan,Y.	1	2008	2010-02-08	dsDNA
GQ180785	GenBank	human papillomavirus 18	Alphapapillomavirus 7		CU9	Human papillomavirus type 18 isolate CU9, complete genome	7857	complete	Thailand	Thailand	Homo sapiens		Lurchachaiwong,W., Junyangdikul,P., Termrungruanglert,W., Payungporn,S., Sampatanukul,P., Tresukosol,D., Niruthisard,S., Trivijitsilp,P., Karalak,A., Swangvaree,S., Poovorawan,Y.	1	2008	2010-02-08	dsDNA
GQ180786	GenBank	human papillomavirus 18	Alphapapillomavirus 7		CU10	Human papillomavirus type 18 isolate CU10, complete genome	7857	complete	Thailand	Thailand	Homo sapiens		Lurchachaiwong,W., Junyangdikul,P., Termrungruanglert,W., Payungporn,S., Sampatanukul,P., Tresukosol,D., Niruthisard,S., Trivijitsilp,P., Karalak,A., Swangvaree,S., Poovorawan,Y.	1	2008	2010-02-08	dsDNA
GQ180787	GenBank	human papillomavirus 18	Alphapapillomavirus 7		CU11	Human papillomavirus type 18 isolate CU11, complete genome	7844	complete	Thailand	Thailand	Homo sapiens		Lurchachaiwong,W., Junyangdikul,P., Termrungruanglert,W., Payungporn,S., Sampatanukul,P., Tresukosol,D., Niruthisard,S., Trivijitsilp,P., Karalak,A., Swangvaree,S., Poovorawan,Y.	1	2008	2010-02-08	dsDNA
GQ180788	GenBank	human papillomavirus 18	Alphapapillomavirus 7		CU12	Human papillomavirus type 18 isolate CU12, complete genome	7857	complete	Thailand	Thailand	Homo sapiens		Lurchachaiwong,W., Junyangdikul,P., Termrungruanglert,W., Payungporn,S., Sampatanukul,P., Tresukosol,D., Niruthisard,S., Trivijitsilp,P., Karalak,A., Swangvaree,S., Poovorawan,Y.	1	2008	2010-02-08	dsDNA
GQ180789	GenBank	human papillomavirus 18	Alphapapillomavirus 7		CU13	Human papillomavirus type 18 isolate CU13, complete genome	7857	complete	Thailand	Thailand	Homo sapiens		Lurchachaiwong,W., Junyangdikul,P., Termrungruanglert,W., Payungporn,S., Sampatanukul,P., Tresukosol,D., Niruthisard,S., Trivijitsilp,P., Karalak,A., Swangvaree,S., Poovorawan,Y.	1	2008	2010-02-08	dsDNA
GQ180790	GenBank	human papillomavirus 18	Alphapapillomavirus 7		CU14	Human papillomavirus type 18 isolate CU14, complete genome	7857	complete	Thailand	Thailand	Homo sapiens		Lurchachaiwong,W., Junyangdikul,P., Termrungruanglert,W., Payungporn,S., Sampatanukul,P., Tresukosol,D., Niruthisard,S., Trivijitsilp,P., Karalak,A., Swangvaree,S., Poovorawan,Y.	1	2008	2010-02-08	dsDNA
GQ180791	GenBank	human papillomavirus 18	Alphapapillomavirus 7		CU15	Human papillomavirus type 18 isolate CU15, complete genome	7857	complete	Thailand	Thailand	Homo sapiens		Lurchachaiwong,W., Junyangdikul,P., Termrungruanglert,W., Payungporn,S., Sampatanukul,P., Tresukosol,D., Niruthisard,S., Trivijitsilp,P., Karalak,A., Swangvaree,S., Poovorawan,Y.	1	2008	2010-02-08	dsDNA
GQ180792	GenBank	human papillomavirus 18	Alphapapillomavirus 7		CU16	Human papillomavirus type 18 isolate CU16, complete genome	7857	complete	Thailand	Thailand	Homo sapiens		Lurchachaiwong,W., Junyangdikul,P., Termrungruanglert,W., Payungporn,S., Sampatanukul,P., Tresukosol,D., Niruthisard,S., Trivijitsilp,P., Karalak,A., Swangvaree,S., Poovorawan,Y.	1	2008	2010-02-08	dsDNA
EF202143	GenBank	human papillomavirus 18	Alphapapillomavirus 7		Qv03132	Human papillomavirus type 18 isolate Qv03132, complete genome	7857	complete					Chen,Z., DeSalle,R., Schiffman,M., Herrero,R., Burk,R.D.	1		2007-12-27	dsDNA
EF202144	GenBank	human papillomavirus 18	Alphapapillomavirus 7		Qv16302	Human papillomavirus type 18 isolate Qv16302, complete genome	7857	complete					Chen,Z., DeSalle,R., Schiffman,M., Herrero,R., Burk,R.D.	1		2007-12-27	dsDNA
EF202145	GenBank	human papillomavirus 18	Alphapapillomavirus 7		Qv17052	Human papillomavirus type 18 isolate Qv17052, complete genome	7857	complete					Chen,Z., DeSalle,R., Schiffman,M., Herrero,R., Burk,R.D.	1		2007-12-27	dsDNA
EF202146	GenBank	human papillomavirus 18	Alphapapillomavirus 7		Qv16306	Human papillomavirus type 18 isolate Qv16306, complete genome	7857	complete					Chen,Z., DeSalle,R., Schiffman,M., Herrero,R., Burk,R.D.	1		2007-12-27	dsDNA
EF202147	GenBank	human papillomavirus 18	Alphapapillomavirus 7		Qv15586	Human papillomavirus type 18 isolate Qv15586, complete genome	7857	complete					Chen,Z., DeSalle,R., Schiffman,M., Herrero,R., Burk,R.D.	1		2007-12-27	dsDNA
EF202148	GenBank	human papillomavirus 18	Alphapapillomavirus 7		Qv21751	Human papillomavirus type 18 isolate Qv21751, complete genome	7857	complete					Chen,Z., DeSalle,R., Schiffman,M., Herrero,R., Burk,R.D.	1		2007-12-27	dsDNA
EF202149	GenBank	human papillomavirus 18	Alphapapillomavirus 7		Qv15957	Human papillomavirus type 18 isolate Qv15957, complete genome	7857	complete					Chen,Z., DeSalle,R., Schiffman,M., Herrero,R., Burk,R.D.	1		2007-12-27	dsDNA
EF202150	GenBank	human papillomavirus 18	Alphapapillomavirus 7		Qv17955	Human papillomavirus type 18 isolate Qv17955, complete genome	7857	complete					Chen,Z., DeSalle,R., Schiffman,M., Herrero,R., Burk,R.D.	1		2007-12-27	dsDNA
EF202151	GenBank	human papillomavirus 18	Alphapapillomavirus 7		Qv02876	Human papillomavirus type 18 isolate Qv02876, complete genome	7857	complete					Chen,Z., DeSalle,R., Schiffman,M., Herrero,R., Burk,R.D.	1		2007-12-27	dsDNA
EF202152	GenBank	human papillomavirus 18	Alphapapillomavirus 7		Qv17199	Human papillomavirus type 18 isolate Qv17199, complete genome	7844	complete					Chen,Z., DeSalle,R., Schiffman,M., Herrero,R., Burk,R.D.	1		2007-12-27	dsDNA
EF202153	GenBank	human papillomavirus 18	Alphapapillomavirus 7		Qv21444	Human papillomavirus type 18 isolate Qv21444, complete genome	7824	complete					Chen,Z., DeSalle,R., Schiffman,M., Herrero,R., Burk,R.D.	1		2007-12-27	dsDNA
EF202154	GenBank	human papillomavirus 18	Alphapapillomavirus 7		Qv03814	Human papillomavirus type 18 isolate Qv03814, complete genome	7824	complete					Chen,Z., DeSalle,R., Schiffman,M., Herrero,R., Burk,R.D.	1		2007-12-27	dsDNA
EF202155	GenBank	human papillomavirus 18	Alphapapillomavirus 7		Qv04924	Human papillomavirus type 18 isolate Qv04924, complete genome	7824	complete					Chen,Z., DeSalle,R., Schiffman,M., Herrero,R., Burk,R.D.	1		2007-12-27	dsDNA
AY262282	GenBank	human papillomavirus 18	Alphapapillomavirus 7			Human papillomavirus type 18 complete sequence	7857	complete					Narechania,A., Chen,Z., DeSalle,R., Burk,R.D.	1		2003-04-28	dsDNA
