HPV_150123_run01	KHCA-064	E6	HPV16REF|lcl|Human	178	.	T	A	172.416	.	DP=69;VDB=0.834938;SGB=-0.693127;MQSBZ=0;MQ0F=0;AC=1;AN=1;DP4=0,0,17,16;MQ=20	GT:PL:AD	1:202,0:0,33
HPV_150123_run01	KHCA-064	E7	HPV16REF|lcl|Human	666	.	G	A	168.416	.	DP=81;VDB=0.627989;SGB=-0.693147;MQSBZ=0;MQ0F=0;AC=1;AN=1;DP4=0,0,29,20;MQ=20	GT:PL:AD	1:198,0:0,49
HPV_150123_run01	KHCA-136	E6	HPV71REF|lcl|Human	239	.	C	A	142.416	.	DP=35;VDB=0.0253368;SGB=-0.691153;MQSBZ=0;MQ0F=0;AC=1;AN=1;DP4=0,0,11,7;MQ=20	GT:PL:AD	1:172,0:0,18
HPV_150123_run01	KHCA-136	E6	HPV71REF|lcl|Human	286	.	GAA	GAAA	114.263	.	INDEL;IDV=25;IMF=0.806452;DP=31;VDB=0.0421059;SGB=-0.692067;RPBZ=1.05212;MQBZ=0;MQSBZ=0;BQBZ=-1.91237;SCBZ=0;MQ0F=0;AC=1;AN=1;DP4=0,2,11,9;MQ=20	GT:PL:AD	1:141,0:2,20
HPV_150123_run01	KHCA-136	E6	HPV71REF|lcl|Human	292	.	GTTTT	GTTT	119.284	.	INDEL;IDV=24;IMF=0.774194;DP=31;VDB=0.011927;SGB=-0.688148;RPBZ=0.283989;MQBZ=0;MQSBZ=0;BQBZ=-1.66924;SCBZ=0;MQ0F=0;AC=1;AN=1;DP4=0,2,9,6;MQ=20	GT:PL:AD	1:146,0:2,15
HPV_150123_run01	KHCA-136	E6	HPV71REF|lcl|Human	368	.	A	T	138.416	.	DP=22;VDB=0.585101;SGB=-0.688148;MQSBZ=0;MQ0F=0;AC=1;AN=1;DP4=0,0,8,7;MQ=20	GT:PL:AD	1:168,0:0,15
HPV_160823_run03	HPV019	E6	HPV106REF|lcl|Human	62	.	G	A	54.4146	.	DP=12;VDB=0.0732611;SGB=-0.616816;MQSBZ=1.41421;MQ0F=0.0833333;AC=1;AN=1;DP4=0,0,2,4;MQ=16	GT:PL:AD	1:84,0:0,6
HPV_160823_run03	HPV019	E6	HPV106REF|lcl|Human	66	.	T	C	54.4146	.	DP=12;VDB=0.0769344;SGB=-0.616816;MQSBZ=1.41421;MQ0F=0.0833333;AC=1;AN=1;DP4=0,0,2,4;MQ=16	GT:PL:AD	1:84,0:0,6
HPV_160823_run03	HPV019	E6	HPV106REF|lcl|Human	71	.	A	G	54.4146	.	DP=12;VDB=0.0930359;SGB=-0.616816;MQSBZ=1.41421;MQ0F=0.0833333;AC=1;AN=1;DP4=0,0,2,4;MQ=16	GT:PL:AD	1:84,0:0,6
HPV_160823_run03	HPV019	E6	HPV106REF|lcl|Human	72	.	G	A	54.4146	.	DP=12;VDB=0.0959456;SGB=-0.616816;MQSBZ=1.41421;MQ0F=0.0833333;AC=1;AN=1;DP4=0,0,2,4;MQ=16	GT:PL:AD	1:84,0:0,6
HPV_160823_run03	HPV019	E6	HPV106REF|lcl|Human	95	.	C	T	9.88514	.	DP=8;VDB=0.107235;SGB=-0.511536;MQSBZ=1.41421;MQ0F=0.125;AC=1;AN=1;DP4=0,0,1,2;MQ=13	GT:PL:AD	1:39,0:0,3
HPV_160823_run03	HPV019	E6	HPV106REF|lcl|Human	96	.	C	T	9.88514	.	DP=8;VDB=0.107235;SGB=-0.511536;MQSBZ=1.41421;MQ0F=0.125;AC=1;AN=1;DP4=0,0,1,2;MQ=13	GT:PL:AD	1:39,0:0,3
HPV_160823_run03	HPV019	E6	HPV106REF|lcl|Human	100	.	C	G	9.88514	.	DP=8;VDB=0.116687;SGB=-0.511536;MQSBZ=1.41421;MQ0F=0.125;AC=1;AN=1;DP4=0,0,1,2;MQ=13	GT:PL:AD	1:39,0:0,3
HPV_160823_run03	HPV019	E6	HPV90REF|lcl|Human	4	.	A	ATAACTTCAGCACAAAATAGCCATGA	22.4391	.	INDEL;IDV=3;IMF=0.5;DP=6;VDB=0.00408963;SGB=-0.616816;RPBZ=-2.12132;MQBZ=1.17851;SCBZ=0;MQ0F=0;AC=1;AN=1;DP4=0,0,5,1;MQ=11	GT:PL:AD	1:52,0:0,6
HPV_160823_run03	HPV019	E6	HPV90REF|lcl|Human	51	.	C	T	87.2473	.	DP=20;VDB=0.0136013;SGB=-0.683931;RPBZ=1.12001;MQBZ=-0.13262;MQSBZ=-0.915619;BQBZ=0.130032;SCBZ=0;MQ0F=0;AC=1;AN=1;DP4=1,0,10,3;MQ=18	GT:PL:AD	1:114,0:1,13
HPV_160823_run03	KHCA-289	E6	HPV56REF|lcl|Human	158	.	T	C	53.4146	.	DP=8;VDB=0.461975;SGB=-0.651104;MQ0F=0;AC=1;AN=1;DP4=0,0,8,0;MQ=20	GT:PL:AD	1:83,0:0,8
HPV_160823_run03	KHCA-289	E6	HPV56REF|lcl|Human	279	.	G	A	134.416	.	DP=25;VDB=0.318932;SGB=-0.692562;MQSBZ=-0.542326;MQ0F=0;AC=1;AN=1;DP4=0,0,17,5;MQ=20	GT:PL:AD	1:164,0:0,22
HPV_160823_run03	KHCA-289	E6	HPV56REF|lcl|Human	437	.	G	A	225.422	.	DP=365;VDB=0.00180938;SGB=-0.693147;MQSBZ=0.727208;MQ0F=0;AC=1;AN=1;DP4=0,0,151,85;MQ=20	GT:PL:AD	1:255,0:0,235
HPV_160823_run03	KHCA-289	E7	HPV56REF|lcl|Human	601	.	C	A	225.417	.	DP=435;VDB=4.42763e-11;SGB=-0.693147;MQSBZ=-4.38564;MQ0F=0;AC=1;AN=1;DP4=0,0,211,119;MQ=22	GT:PL:AD	1:255,0:0,330
HPV_160823_run03	KHCA-289	E7	HPV56REF|lcl|Human	770	.	G	C	225.417	.	DP=230;VDB=0.00494274;SGB=-0.693147;MQSBZ=-0.621146;MQ0F=0;AC=1;AN=1;DP4=0,0,83,119;MQ=22	GT:PL:AD	1:255,0:0,202
HPV_160823_run03	KHCA-298	E6	HPV16REF|lcl|Human	178	.	T	A	52.4146	.	DP=6;VDB=0.819532;SGB=-0.590765;MQSBZ=0;MQ0F=0;AC=1;AN=1;DP4=0,0,1,4;MQ=20	GT:PL:AD	1:82,0:0,5
HPV_160823_run03	KHCA-298	E6	HPV91REF|lcl|Human	288	.	G	T	19.4636	.	DP=2;VDB=0.52;SGB=-0.453602;MQ0F=0;AC=1;AN=1;DP4=0,0,0,2;MQ=27	GT:PL:AD	1:49,0:0,2
HPV_160823_run03	KHCA-298	E6	HPV91REF|lcl|Human	411	.	G	A	7.30814	.	DP=2;VDB=0.38;SGB=-0.453602;MQ0F=0;AC=1;AN=1;DP4=0,0,0,2;MQ=20	GT:PL:AD	1:36,0:0,2
HPV_160823_run03	KHCA-298	E6	HPV91REF|lcl|Human	619	.	A	C	45.4146	.	DP=6;VDB=0.0320192;SGB=-0.556411;MQSBZ=-0.942809;MQ0F=0;AC=1;AN=1;DP4=0,0,3,1;MQ=21	GT:PL:AD	1:75,0:0,4
HPV_160823_run03	KHCA-298	E7	HPV16REF|lcl|Human	666	.	G	A	146.416	.	DP=25;VDB=0.497999;SGB=-0.690438;MQSBZ=0;MQ0F=0;AC=1;AN=1;DP4=0,0,9,8;MQ=20	GT:PL:AD	1:176,0:0,17
HPV_160823_run03	KHCA-298	E7	HPV91REF|lcl|Human	619	.	A	C	45.4146	.	DP=6;VDB=0.0320192;SGB=-0.556411;MQSBZ=-0.942809;MQ0F=0;AC=1;AN=1;DP4=0,0,3,1;MQ=21	GT:PL:AD	1:75,0:0,4
HPV_160823_run03	KHCA-298	E7	HPV91REF|lcl|Human	723	.	T	C	94.4151	.	DP=12;VDB=0.288754;SGB=-0.636426;MQSBZ=0.763763;MQ0F=0;AC=1;AN=1;DP4=0,0,3,4;MQ=22	GT:PL:AD	1:124,0:0,7
HPV_160823_run03	KHCA-298	E7	HPV91REF|lcl|Human	842	.	G	C	19.4636	.	DP=3;VDB=0.243476;SGB=-0.511536;MQ0F=0;AC=1;AN=1;DP4=0,0,0,3;MQ=20	GT:PL:AD	1:49,0:0,3
HPV_160823_run03	KHCA-306	E6	HPV16REF|lcl|Human	109	.	T	C	122.415	.	DP=24;VDB=0.00697958;SGB=-0.683931;MQSBZ=0;MQ0F=0;AC=1;AN=1;DP4=0,0,8,5;MQ=20	GT:PL:AD	1:152,0:0,13
HPV_160823_run03	KHCA-306	E6	HPV16REF|lcl|Human	132	.	G	T	93.4151	.	DP=23;VDB=0.0848711;SGB=-0.680642;MQSBZ=0;MQ0F=0;AC=1;AN=1;DP4=0,0,8,4;MQ=20	GT:PL:AD	1:123,0:0,12
HPV_160823_run03	KHCA-306	E6	HPV16REF|lcl|Human	143	.	C	G	97.4152	.	DP=19;VDB=0.399237;SGB=-0.670168;MQSBZ=0;MQ0F=0;AC=1;AN=1;DP4=0,0,7,3;MQ=20	GT:PL:AD	1:127,0:0,10
HPV_160823_run03	KHCA-306	E6	HPV16REF|lcl|Human	145	.	G	T	119.415	.	DP=23;VDB=0.981685;SGB=-0.680642;MQSBZ=0;MQ0F=0;AC=1;AN=1;DP4=0,0,7,5;MQ=20	GT:PL:AD	1:149,0:0,12
HPV_160823_run03	KHCA-306	E6	HPV16REF|lcl|Human	286	.	T	A	130.416	.	DP=21;VDB=0.586927;SGB=-0.683931;MQSBZ=0;MQ0F=0;AC=1;AN=1;DP4=0,0,5,8;MQ=20	GT:PL:AD	1:160,0:0,13
HPV_160823_run03	KHCA-306	E6	HPV16REF|lcl|Human	289	.	A	G	135.416	.	DP=23;VDB=0.712113;SGB=-0.686358;MQSBZ=0;MQ0F=0;AC=1;AN=1;DP4=0,0,5,9;MQ=20	GT:PL:AD	1:165,0:0,14
HPV_160823_run03	KHCA-306	E6	HPV16REF|lcl|Human	335	.	C	T	134.416	.	DP=21;VDB=0.701899;SGB=-0.686358;MQSBZ=0;MQ0F=0;AC=1;AN=1;DP4=0,0,7,7;MQ=20	GT:PL:AD	1:164,0:0,14
HPV_160823_run03	KHCA-306	E6	HPV16REF|lcl|Human	403	.	A	G	125.416	.	DP=30;VDB=0.818191;SGB=-0.692067;MQSBZ=0;MQ0F=0;AC=1;AN=1;DP4=0,0,15,5;MQ=20	GT:PL:AD	1:155,0:0,20
HPV_160823_run03	KHCA-306	E7	HPV16REF|lcl|Human	647	.	A	G	133.416	.	DP=23;VDB=0.570435;SGB=-0.69168;MQSBZ=0;MQ0F=0;AC=1;AN=1;DP4=0,0,13,6;MQ=20	GT:PL:AD	1:163,0:0,19
HPV_160823_run03	KHCA-306	E7	HPV16REF|lcl|Human	789	.	T	C	161.416	.	DP=30;VDB=0.916639;SGB=-0.692352;MQSBZ=0;MQ0F=0;AC=1;AN=1;DP4=0,0,10,11;MQ=20	GT:PL:AD	1:191,0:0,21
HPV_160823_run03	KHCA-306	E7	HPV16REF|lcl|Human	795	.	T	G	159.416	.	DP=28;VDB=0.838762;SGB=-0.692067;MQSBZ=0;MQ0F=0;AC=1;AN=1;DP4=0,0,9,11;MQ=20	GT:PL:AD	1:189,0:0,20
HPV_160823_run03	KHCA-330	E6	HPV39REF|lcl|Human	366	.	C	G	7.30814	.	DP=2;VDB=0.44;SGB=-0.453602;MQ0F=0;AC=1;AN=1;DP4=0,0,0,2;MQ=20	GT:PL:AD	1:36,0:0,2
HPV_160823_run03	Undetermined	E7	HPV56REF|lcl|Human	601	.	C	A	27.4222	.	DP=3;VDB=0.607612;SGB=-0.511536;MQSBZ=-0.707107;MQ0F=0;AC=1;AN=1;DP4=0,0,2,1;MQ=20	GT:PL:AD	1:57,0:0,3
HPV_160823_run03	Undetermined	E7	HPV56REF|lcl|Human	770	.	G	C	12.6566	.	DP=2;VDB=0.64;SGB=-0.453602;MQ0F=0;AC=1;AN=1;DP4=0,0,0,2;MQ=23	GT:PL:AD	1:42,0:0,2
HPV_250523_run02	HPV019	E6	HPV106REF|lcl|Human	62	.	G	A	61.4147	.	DP=12;VDB=0.111502;SGB=-0.616816;MQSBZ=0;MQ0F=0;AC=1;AN=1;DP4=0,0,1,5;MQ=20	GT:PL:AD	1:91,0:0,6
HPV_250523_run02	HPV019	E6	HPV106REF|lcl|Human	66	.	T	C	61.4147	.	DP=12;VDB=0.128784;SGB=-0.616816;MQSBZ=0;MQ0F=0;AC=1;AN=1;DP4=0,0,1,5;MQ=20	GT:PL:AD	1:91,0:0,6
HPV_250523_run02	HPV019	E6	HPV106REF|lcl|Human	71	.	A	G	61.4147	.	DP=12;VDB=0.147842;SGB=-0.616816;MQSBZ=0;MQ0F=0;AC=1;AN=1;DP4=0,0,1,5;MQ=20	GT:PL:AD	1:91,0:0,6
HPV_250523_run02	HPV019	E6	HPV106REF|lcl|Human	72	.	G	A	61.4147	.	DP=12;VDB=0.15187;SGB=-0.616816;MQSBZ=0;MQ0F=0;AC=1;AN=1;DP4=0,0,1,5;MQ=20	GT:PL:AD	1:91,0:0,6
HPV_250523_run02	HPV019	E6	HPV106REF|lcl|Human	95	.	C	T	40.4148	.	DP=8;VDB=0.0221621;SGB=-0.556411;MQSBZ=0;MQ0F=0;AC=1;AN=1;DP4=0,0,1,3;MQ=20	GT:PL:AD	1:70,0:0,4
HPV_250523_run02	HPV019	E6	HPV106REF|lcl|Human	96	.	C	T	40.4148	.	DP=8;VDB=0.0221621;SGB=-0.556411;MQSBZ=0;MQ0F=0;AC=1;AN=1;DP4=0,0,1,3;MQ=20	GT:PL:AD	1:70,0:0,4
HPV_250523_run02	HPV019	E6	HPV106REF|lcl|Human	100	.	C	G	40.4148	.	DP=8;VDB=0.0175817;SGB=-0.556411;MQSBZ=0;MQ0F=0;AC=1;AN=1;DP4=0,0,1,3;MQ=20	GT:PL:AD	1:70,0:0,4
HPV_250523_run02	HPV019	E6	HPV90REF|lcl|Human	4	.	ACCA	ATAACTTCAGCACAAAATAGCCATGACCA	28.0997	.	INDEL;IDV=7;IMF=0.636364;DP=11;VDB=4.89098e-05;SGB=-0.651104;RPBZ=-1.60585;MQBZ=0;MQSBZ=0;BQBZ=0;SCBZ=0;MQ0F=0;AC=1;AN=1;DP4=2,0,7,1;MQ=20	GT:PL:AD	1:69,14:2,6
HPV_250523_run02	HPV019	E6	HPV90REF|lcl|Human	51	.	C	T	151.416	.	DP=41;VDB=0.00152825;SGB=-0.693079;MQSBZ=1.58409;MQ0F=0;AC=1;AN=1;DP4=0,0,22,7;MQ=21	GT:PL:AD	1:181,0:0,29
HPV_250523_run02	KHCA-151	E6	HPV53REF|lcl|Human	112	.	A	G	122.415	.	DP=21;VDB=0.516627;SGB=-0.683931;MQSBZ=0;MQ0F=0;AC=1;AN=1;DP4=0,0,8,5;MQ=20	GT:PL:AD	1:152,0:0,13
HPV_250523_run02	KHCA-151	E6	HPV53REF|lcl|Human	129	.	G	C	126.416	.	DP=27;VDB=0.962111;SGB=-0.689466;MQSBZ=0;MQ0F=0;AC=1;AN=1;DP4=0,0,11,5;MQ=20	GT:PL:AD	1:156,0:0,16
HPV_250523_run02	KHCA-151	E6	HPV53REF|lcl|Human	131	.	A	G	134.416	.	DP=29;VDB=0.984606;SGB=-0.690438;MQSBZ=0;MQ0F=0;AC=1;AN=1;DP4=0,0,11,6;MQ=20	GT:PL:AD	1:164,0:0,17
HPV_250523_run02	KHCA-151	E6	HPV53REF|lcl|Human	152	.	C	T	122.415	.	DP=22;VDB=0.40421;SGB=-0.683931;MQSBZ=0;MQ0F=0;AC=1;AN=1;DP4=0,0,8,5;MQ=20	GT:PL:AD	1:152,0:0,13
HPV_250523_run02	KHCA-151	E6	HPV53REF|lcl|Human	158	.	A	C	122.415	.	DP=22;VDB=0.382138;SGB=-0.683931;MQSBZ=0;MQ0F=0;AC=1;AN=1;DP4=0,0,8,5;MQ=20	GT:PL:AD	1:152,0:0,13
HPV_250523_run02	KHCA-151	E6	HPV53REF|lcl|Human	174	.	A	C	127.416	.	DP=20;VDB=0.129369;SGB=-0.683931;MQSBZ=0;MQ0F=0;AC=1;AN=1;DP4=0,0,7,6;MQ=20	GT:PL:AD	1:157,0:0,13
HPV_250523_run02	KHCA-151	E6	HPV53REF|lcl|Human	230	.	G	T	109.415	.	DP=15;VDB=0.439806;SGB=-0.670168;MQSBZ=0;MQ0F=0;AC=1;AN=1;DP4=0,0,5,5;MQ=20	GT:PL:AD	1:139,0:0,10
HPV_250523_run02	KHCA-151	E6	HPV53REF|lcl|Human	256	.	C	A	78.4149	.	DP=8;VDB=0.753018;SGB=-0.636426;MQSBZ=0;MQ0F=0;AC=1;AN=1;DP4=0,0,2,5;MQ=20	GT:PL:AD	1:108,0:0,7
HPV_250523_run02	KHCA-151	E6	HPV53REF|lcl|Human	261	.	C	T	106.415	.	DP=13;VDB=0.993963;SGB=-0.670168;MQSBZ=0;MQ0F=0;AC=1;AN=1;DP4=0,0,3,7;MQ=20	GT:PL:AD	1:136,0:0,10
HPV_250523_run02	KHCA-151	E6	HPV53REF|lcl|Human	345	.	T	C	117.415	.	DP=17;VDB=0.614683;SGB=-0.676189;MQSBZ=0;MQ0F=0;AC=1;AN=1;DP4=0,0,5,6;MQ=20	GT:PL:AD	1:147,0:0,11
HPV_250523_run02	KHCA-151	E6	HPV53REF|lcl|Human	412	.	C	T	139.416	.	DP=23;VDB=0.27967;SGB=-0.686358;MQSBZ=-1.68175;MQ0F=0;AC=1;AN=1;DP4=0,0,9,5;MQ=21	GT:PL:AD	1:169,0:0,14
HPV_250523_run02	KHCA-151	E6	HPV56REF|lcl|Human	279	.	G	A	7.30814	.	DP=2;VDB=0.18;SGB=-0.453602;MQ0F=0;AC=1;AN=1;DP4=0,0,2,0;MQ=20	GT:PL:AD	1:36,0:0,2
HPV_250523_run02	KHCA-151	E6	HPV56REF|lcl|Human	437	.	G	A	93.4151	.	DP=12;VDB=0.0991865;SGB=-0.662043;MQSBZ=0;MQ0F=0;AC=1;AN=1;DP4=0,0,6,3;MQ=20	GT:PL:AD	1:123,0:0,9
HPV_250523_run02	KHCA-151	E7	HPV53REF|lcl|Human	695	.	C	T	178.416	.	DP=33;VDB=0.894424;SGB=-0.69168;MQSBZ=0.205538;MQ0F=0;AC=1;AN=1;DP4=0,0,12,7;MQ=22	GT:PL:AD	1:208,0:0,19
HPV_250523_run02	KHCA-151	E7	HPV53REF|lcl|Human	803	.	T	C	144.416	.	DP=23;VDB=0.471609;SGB=-0.690438;MQSBZ=-1.54919;MQ0F=0;AC=1;AN=1;DP4=0,0,5,12;MQ=20	GT:PL:AD	1:174,0:0,17
HPV_250523_run02	KHCA-151	E7	HPV53REF|lcl|Human	823	.	T	G	142.416	.	DP=19;VDB=0.867437;SGB=-0.689466;MQSBZ=-1.48324;MQ0F=0;AC=1;AN=1;DP4=0,0,5,11;MQ=20	GT:PL:AD	1:172,0:0,16
HPV_250523_run02	KHCA-151	E7	HPV56REF|lcl|Human	601	.	C	A	125.416	.	DP=13;VDB=0.0735697;SGB=-0.670168;MQSBZ=-1.41421;MQ0F=0;AC=1;AN=1;DP4=0,0,4,6;MQ=22	GT:PL:AD	1:155,0:0,10
HPV_250523_run02	KHCA-151	E7	HPV56REF|lcl|Human	770	.	G	C	70.4148	.	DP=5;VDB=0.244166;SGB=-0.590765;MQSBZ=-0.333333;MQ0F=0;AC=1;AN=1;DP4=0,0,3,2;MQ=23	GT:PL:AD	1:100,0:0,5
HPV_250523_run02	KHCA-152	E6	HPV16REF|lcl|Human	178	.	T	G	10.7923	.	DP=4;VDB=0.1;SGB=-0.453602;MQSBZ=0;MQ0F=0;AC=1;AN=1;DP4=0,0,1,1;MQ=20	GT:PL:AD	1:40,0:0,2
HPV_250523_run02	KHCA-152	E7	HPV16REF|lcl|Human	647	.	A	G	33.4163	.	DP=4;VDB=0.336489;SGB=-0.511536;MQSBZ=-1.41421;MQ0F=0;AC=1;AN=1;DP4=0,0,1,2;MQ=22	GT:PL:AD	1:63,0:0,3
HPV_250523_run02	KHCA-169	E6	HPV56REF|lcl|Human	437	.	G	A	50.4146	.	DP=7;VDB=0.329692;SGB=-0.616816;MQ0F=0;AC=1;AN=1;DP4=0,0,6,0;MQ=21	GT:PL:AD	1:80,0:0,6
HPV_250523_run02	KHCA-169	E7	HPV56REF|lcl|Human	601	.	C	A	114.415	.	DP=13;VDB=0.171339;SGB=-0.662043;MQSBZ=-2.23607;MQ0F=0;AC=1;AN=1;DP4=0,0,6,3;MQ=22	GT:PL:AD	1:144,0:0,9
HPV_250523_run02	KHCA-169	E7	HPV56REF|lcl|Human	770	.	G	C	61.4147	.	DP=8;VDB=0.194159;SGB=-0.590765;MQSBZ=1.29099;MQ0F=0;AC=1;AN=1;DP4=0,0,3,2;MQ=21	GT:PL:AD	1:91,0:0,5
HPV_250523_run02	KHCA-179	E6	HPV71REF|lcl|Human	286	.	GAA	GAAA	68.4148	.	INDEL;IDV=6;IMF=0.857143;DP=7;VDB=0.319019;SGB=-0.636426;RPBZ=1.52753;MQBZ=0;MQSBZ=0;BQBZ=-0.5;SCBZ=0;MQ0F=0;AC=1;AN=1;DP4=0,0,5,2;MQ=20	GT:PL:AD	1:98,0:0,7
HPV_250523_run02	KHCA-179	E6	HPV71REF|lcl|Human	292	.	GTTTT	GTTT	67.4148	.	INDEL;IDV=7;IMF=1;DP=7;VDB=0.311328;SGB=-0.636426;MQSBZ=0;BQBZ=-0.5;MQ0F=0;AC=1;AN=1;DP4=0,0,5,2;MQ=20	GT:PL:AD	1:97,0:0,7
HPV_250523_run02	KHCA-179	E6	HPV71REF|lcl|Human	368	.	A	T	73.4149	.	DP=7;VDB=0.587934;SGB=-0.636426;MQSBZ=0;MQ0F=0;AC=1;AN=1;DP4=0,0,5,2;MQ=20	GT:PL:AD	1:103,0:0,7
HPV_250523_run02	KHCA-223	E7	HPV66REF|lcl|Human	585	.	T	C	4.38466	.	DP=2;VDB=0.14;SGB=-0.453602;MQ0F=0;AC=1;AN=1;DP4=0,0,2,0;MQ=17	GT:PL:AD	1:32,0:0,2
HPV_250523_run02	KHCA-223	E7	HPV66REF|lcl|Human	602	.	G	A	4.38466	.	DP=2;VDB=0.14;SGB=-0.453602;MQ0F=0;AC=1;AN=1;DP4=0,0,2,0;MQ=17	GT:PL:AD	1:32,0:0,2
HPV_250523_run02	KHCA-223	E7	HPV66REF|lcl|Human	628	.	G	T	4.38466	.	DP=2;VDB=0.14;SGB=-0.453602;MQ0F=0;AC=1;AN=1;DP4=0,0,2,0;MQ=17	GT:PL:AD	1:32,0:0,2
HPV_250523_run02	KHCA-223	E7	HPV66REF|lcl|Human	779	.	T	C	4.38466	.	DP=2;VDB=0.82;SGB=-0.453602;MQ0F=0;AC=1;AN=1;DP4=0,0,0,2;MQ=17	GT:PL:AD	1:32,0:0,2
HPV_250523_run02	KHCA-223	E7	HPV66REF|lcl|Human	781	.	G	T	4.38466	.	DP=2;VDB=0.8;SGB=-0.453602;MQ0F=0;AC=1;AN=1;DP4=0,0,0,2;MQ=17	GT:PL:AD	1:32,0:0,2
